colonia_id,alcaldia_id,colonia_key,colonia_nombre,cve_col
1,1,AGUILERA,Aguilera,02-001
2,1,ALDANA,Aldana,02-002
3,1,ANGEL ZIMBRON,Angel Zimbron,02-005
4,1,ARENAL,Arenal,02-006
5,1,CENTRO DE AZCAPOTZALCO,Centro De Azcapotzalco,02-007
6,1,CLAVERIA,Claveria,02-008
7,1,COLTONGO,Coltongo,02-009
8,1,COSMOPOLITA,Cosmopolita,02-010
9,1,COSMOPOLITA AMPL,Cosmopolita Ampl,02-011
10,1,CRUZ ROJA TEPANTONGO U HAB,Cruz Roja Tepantongo U Hab,02-012
11,1,CUITLAHUAC 1 Y 2 U HAB,Cuitlahuac 1 Y 2 U Hab,02-013
12,1,CUITLAHUAC 3 Y 4 U HAB,Cuitlahuac 3 Y 4 U Hab,02-014
13,1,DEL GAS,Del Gas,02-015
14,1,DEL GAS AMPL,Del Gas Ampl,02-016
15,1,DEL MAESTRO,Del Maestro,02-017
16,1,DEL RECREO,Del Recreo,02-018
17,1,DEMET U HAB,Demet U Hab,02-019
18,1,ECOLOGICA NOVEDADES IMPACTO U HAB,Ecologica Novedades Impacto U Hab,02-020
19,1,EL JAGUEY ESTACION PANTACO,El Jaguey Estacion Pantaco,02-021
20,1,EL ROSARIO A U HAB,El Rosario A U Hab,02-023
21,1,EL ROSARIO B U HAB,El Rosario B U Hab,02-024
22,1,EL ROSARIO C U HAB,El Rosario C U Hab,02-025
23,1,EUZKADI,Euzkadi,02-026
24,1,EX HACIENDA EL ROSARIO,Ex Hacienda El Rosario,02-027
25,1,FERRERIA,Ferreria,02-028
26,1,FERRERIA U HAB,Ferreria U Hab,02-029
27,1,FRANCISCO VILLA U HAB,Francisco Villa U Hab,02-030
28,1,FUENTES DE AZCAPOTZALCO PARQUES DE AZCAPOTZALCO U HAB,Fuentes De Azcapotzalco Parques De Azcapotzalco U Hab,02-031
29,1,HOGAR Y SEGURIDAD NUEVA SANTA MARIA,Hogar Y Seguridad Nueva Santa Maria,02-032
30,1,HOGARES FERROCARRILEROS U HAB,Hogares Ferrocarrileros U Hab,02-033
31,1,HUAUTLA DE LAS SALINAS BARR,Huautla De Las Salinas Barr,02-034
32,1,IGNACIO ALLENDE,Ignacio Allende,02-035
33,1,INDUSTRIAL VALLEJO,Industrial Vallejo,02-036
34,1,ISSFAM LAS ARMAS U HAB,Issfam Las Armas U Hab,02-037
35,1,JARDIN AZPEITIA,Jardin Azpeitia,02-038
36,1,JARDINES CEYLAN U HAB,Jardines Ceylan U Hab,02-039
37,1,LA PRECIOSA,La Preciosa,02-040
38,1,LA RAZA,La Raza,02-041
39,1,LAS SALINAS,Las Salinas,02-042
40,1,LIBERACION,Liberacion,02-043
41,1,LIBERTAD,Libertad,02-044
42,1,LOS REYES BARR,Los Reyes Barr,02-045
43,1,MANUEL RIVERA ANAYA CROC I U HAB,Manuel Rivera Anaya Croc I U Hab,02-046
44,1,MIGUEL HIDALGO U HAB,Miguel Hidalgo U Hab,02-047
45,1,MONTE ALTO,Monte Alto,02-048
46,1,NEXTENGO BARR,Nextengo Barr,02-049
47,1,NUEVA EL ROSARIO,Nueva El Rosario,02-050
48,1,NUEVA ESPANA,Nueva Espana,02-051
49,1,NUEVA SANTA MARIA,Nueva Santa Maria,02-052
50,1,NUEVO SAN RAFAEL BARR,Nuevo San Rafael Barr,02-053
51,1,OBRERO POPULAR,Obrero Popular,02-054
52,1,PANTACO U HAB,Pantaco U Hab,02-055
53,1,PASTEROS,Pasteros,02-056
54,1,PATRIMONIO FAMILIAR,Patrimonio Familiar,02-057
55,1,PEMEX PRADOS DEL ROSARIO U HAB,Pemex Prados Del Rosario U Hab,02-058
56,1,PETROLERA,Petrolera,02-059
57,1,PETROLERA AMPL,Petrolera Ampl,02-003
58,1,PLENITUD,Plenitud,02-060
59,1,PORVENIR,Porvenir,02-061
60,1,POTRERO DEL LLANO,Potrero Del Llano,02-062
61,1,PRADOS DEL ROSARIO,Prados Del Rosario,02-063
62,1,PRESIDENTE MADERO U HAB,Presidente Madero U Hab,02-064
63,1,PRO HOGAR I,Pro Hogar I,02-113
64,1,PRO HOGAR II,Pro Hogar Ii,02-114
65,1,PROVIDENCIA,Providencia,02-066
66,1,REYNOSA TAMAULIPAS,Reynosa Tamaulipas,02-067
67,1,ROSENDO SALAZAR CONJ HAB,Rosendo Salazar Conj Hab,02-068
68,1,SAN ALVARO,San Alvaro,02-070
69,1,SAN ANDRES BARR,San Andres Barr,02-071
70,1,SAN ANDRES DE LAS SALINAS PBLO,San Andres De Las Salinas Pblo,02-073
71,1,SAN ANDRES PBLO,San Andres Pblo,02-072
72,1,SAN ANTONIO FRACC,San Antonio Fracc,02-074
73,1,SAN BARTOLO CAHUALTONGO PBLO,San Bartolo Cahualtongo Pblo,02-075
74,1,SAN BERNABE BARR,San Bernabe Barr,02-076
75,1,SAN FRANCISCO TETECALA PBLO,San Francisco Tetecala Pblo,02-077
76,1,SAN FRANCISCO XOCOTITLA,San Francisco Xocotitla,02-078
77,1,SAN JUAN TLIHUACA PBLO,San Juan Tlihuaca Pblo,02-079
78,1,SAN MARCOS BARR,San Marcos Barr,02-080
79,1,SAN MARTIN XOCHINAHUAC PBLO,San Martin Xochinahuac Pblo,02-081
80,1,SAN MATEO,San Mateo,02-082
81,1,SAN MIGUEL AMANTLA PBLO,San Miguel Amantla Pblo,02-069
82,1,SAN PABLO 396 CONJ HAB SAN PABLO U HAB,San Pablo 396 Conj Hab San Pablo U Hab,02-083
83,1,SAN PABLO XALPA U HAB,San Pablo Xalpa U Hab,02-084
84,1,SAN PEDRO XALPA AMPL I,San Pedro Xalpa Ampl I,02-111
85,1,SAN PEDRO XALPA AMPL II,San Pedro Xalpa Ampl Ii,02-112
86,1,SAN PEDRO XALPA PBLO,San Pedro Xalpa Pblo,02-085
87,1,SAN RAFAEL,San Rafael,02-086
88,1,SAN SALVADOR XOCHIMANCA,San Salvador Xochimanca,02-087
89,1,SAN SEBASTIAN,San Sebastian,02-088
90,1,SANTA APOLONIA BARR,Santa Apolonia Barr,02-089
91,1,SANTA BARBARA PBLO,Santa Barbara Pblo,02-090
92,1,SANTA CATARINA PBLO,Santa Catarina Pblo,02-091
93,1,SANTA CRUZ ACAYUCAN PBLO,Santa Cruz Acayucan Pblo,02-092
94,1,SANTA CRUZ DE LAS SALINAS,Santa Cruz De Las Salinas,02-093
95,1,SANTA INES,Santa Ines,02-094
96,1,SANTA LUCIA BARR,Santa Lucia Barr,02-095
97,1,SANTA MARIA MALINALCO PBLO,Santa Maria Malinalco Pblo,02-096
98,1,SANTIAGO AHUIZOTLA PBLO,Santiago Ahuizotla Pblo,02-097
99,1,SANTO DOMINGO PBLO,Santo Domingo Pblo,02-098
100,1,SANTO TOMAS,Santo Tomas,02-099
101,1,SECTOR NAVAL,Sector Naval,02-100
102,1,SINDICATO MEXICANO DE ELECTRICISTAS,Sindicato Mexicano De Electricistas,02-101
103,1,TEZOZOMOC,Tezozomoc,02-102
104,1,TIERRA NUEVA,Tierra Nueva,02-103
105,1,TLATILCO,Tlatilco,02-104
106,1,TLATILCO U HAB,Tlatilco U Hab,02-105
107,1,TRABAJADORES DEL HIERRO,Trabajadores Del Hierro,02-106
108,1,UN HOGAR PARA CADA TRABAJADOR,Un Hogar Para Cada Trabajador,02-107
109,1,VICTORIA DE LAS DEMOCRACIAS,Victoria De Las Democracias,02-108
110,1,VILLAS AZCAPOTZALCO U HAB,Villas Azcapotzalco U Hab,02-109
111,1,XOCHINAHUAC U HAB,Xochinahuac U Hab,02-110
112,2,19 DE MAYO,19 De Mayo,10-241
113,2,1RA VICTORIA,1Ra Victoria,10-242
114,2,1RA VICTORIA SECCION BOSQUES,1Ra Victoria Seccion Bosques,10-243
115,2,26 DE JULIO,26 De Julio,10-244
116,2,2DA EL PIRUL AMPL,2Da El Pirul Ampl,10-245
117,2,2DA JALALPA TEPITO AMPL,2Da Jalalpa Tepito Ampl,10-246
118,2,ABRAHAM GONZALEZ,Abraham Gonzalez,10-001
119,2,ACUEDUCTO,Acueducto,10-002
120,2,ACUILOTLA,Acuilotla,10-003
121,2,AGUILAS 3ER PARQUE,Aguilas 3Er Parque,10-005
122,2,AGUILAS PILARES,Aguilas Pilares,10-006
123,2,ALCANTARILLA,Alcantarilla,10-007
124,2,ALFALFAR,Alfalfar,10-008
125,2,ALFONSO XIII,Alfonso Xiii,10-009
126,2,ALPES,Alpes,10-010
127,2,ALPES AMPL,Alpes Ampl,10-011
128,2,ARBOLEDAS POLITOCO,Arboledas Politoco,10-015
129,2,ARCOS DE CENTENARIO,Arcos De Centenario,10-016
130,2,ARTURO GAMIZ,Arturo Gamiz,10-017
131,2,ARTURO MARTINEZ,Arturo Martinez,10-018
132,2,ARVIDE,Arvide,10-019
133,2,ATLAMAXAC,Atlamaxac,10-020
134,2,ATLAMAYA,Atlamaya,10-021
135,2,AVE REAL,Ave Real,10-022
136,2,AVE REAL AMPL,Ave Real Ampl,10-023
137,2,AXOTLA,Axotla,10-024
138,2,BALCONES DE CEHUAYO,Balcones De Cehuayo,10-025
139,2,BARRIO NORTE,Barrio Norte,10-026
140,2,BATALLON DE SAN PATRICIO U HAB,Batallon De San Patricio U Hab,10-027
141,2,BEJERO,Bejero,10-028
142,2,BELEN DE LAS FLORES,Belen De Las Flores,10-029
143,2,BELEN DE LAS FLORES,Belen De Las Flores,10-249
144,2,BELEN DE LAS FLORES SECCION RELLENO,Belen De Las Flores Seccion Relleno,10-030
145,2,BELEN DE LAS FLORES U HAB,Belen De Las Flores U Hab,10-231
146,2,BELLA VISTA,Bella Vista,10-031
147,2,BONANZA,Bonanza,10-032
148,2,BOSCOSO U HAB,Boscoso U Hab,10-061
149,2,BOSQUES DE TARANGO,Bosques De Tarango,10-033
150,2,CALZADA JALALPA,Calzada Jalalpa,10-034
151,2,CAMPO DE TIRO LOS GAMITOS,Campo De Tiro Los Gamitos,10-035
152,2,CANADA DEL OLIVAR U HAB,Canada Del Olivar U Hab,10-036
153,2,CANUTILLO 3RA SECCION,Canutillo 3Ra Seccion,10-038
154,2,CANUTILLO AGUASCALIENTES,Canutillo Aguascalientes,10-037
155,2,CANUTILLO PREDIO LA PRESA,Canutillo Predio La Presa,10-039
156,2,CAROLA U HAB,Carola U Hab,10-040
157,2,CEDRO CHICO,Cedro Chico,10-041
158,2,CHIMALISTAC,Chimalistac,10-042
159,2,COLINAS DE TARANGO,Colinas De Tarango,10-043
160,2,COLINAS DEL SUR,Colinas Del Sur,10-044
161,2,CONCIENCIA PROLETARIA,Conciencia Proletaria,10-045
162,2,COOPERATIVA CEHUAYO,Cooperativa Cehuayo,10-046
163,2,CORPUS CHRISTY,Corpus Christy,10-047
164,2,CORPUS CURISTY AMPL XOCOMECATLA,Corpus Curisty Ampl Xocomecatla,10-048
165,2,COVE,Cove,10-049
166,2,CRISTO REY,Cristo Rey,10-050
167,2,DE TARANGO RCNDA,De Tarango Rcnda,10-051
168,2,DESARROLLO URBANO,Desarrollo Urbano,10-052
169,2,DOS RIOS,Dos Rios,10-053
170,2,EL ARBOL,El Arbol,10-054
171,2,EL BATAN,El Batan,10-055
172,2,EL BOSQUE,El Bosque,10-056
173,2,EL BOSQUE 2DA SECCION AMPL,El Bosque 2Da Seccion Ampl,10-057
174,2,EL BOSQUE SECCION TORRES,El Bosque Seccion Torres,10-058
175,2,EL CAPULIN,El Capulin,10-059
176,2,EL CAPULIN AMPL,El Capulin Ampl,10-060
177,2,EL MIRADOR,El Mirador,10-062
178,2,EL PARAISO,El Paraiso,10-063
179,2,EL PIRU FRACC,El Piru Fracc,10-064
180,2,EL PIRUL,El Pirul,10-065
181,2,EL POCITO,El Pocito,10-066
182,2,EL RODEO,El Rodeo,10-067
183,2,EL RUEDO,El Ruedo,10-068
184,2,EMANCIPACION DEL PUEBLO U HAB,Emancipacion Del Pueblo U Hab,10-069
185,2,ESTADO DE HIDALGO,Estado De Hidalgo,10-071
186,2,ESTADO DE HIDALGO,Estado De Hidalgo,10-247
187,2,ESTADO DE HIDALGO AMPL,Estado De Hidalgo Ampl,10-070
188,2,FLOR DE MARIA,Flor De Maria,10-072
189,2,FLORIDA,Florida,10-073
190,2,FRANCISCO VILLA,Francisco Villa,10-074
191,2,GALEANA,Galeana,10-075
192,2,GARCIMARRERO,Garcimarrero,10-076
193,2,GARCIMARRERO NORTE,Garcimarrero Norte,10-077
194,2,GARCIMARRERO REACOMODO,Garcimarrero Reacomodo,10-078
195,2,GOLONDRINAS,Golondrinas,10-079
196,2,GOLONDRINAS 1RA SECCION,Golondrinas 1Ra Seccion,10-080
197,2,GOLONDRINAS 2DA SECCION,Golondrinas 2Da Seccion,10-081
198,2,GRAL A ROSALES,Gral A Rosales,10-082
199,2,GRAL C A MADRAZO,Gral C A Madrazo,10-083
200,2,GUADALUPE INN,Guadalupe Inn,10-084
201,2,HACIENDA DE GUADALUPE CHIMALISTAC,Hacienda De Guadalupe Chimalistac,10-004
202,2,HERON PROAL,Heron Proal,10-085
203,2,HOGAR Y REDENCION,Hogar Y Redencion,10-086
204,2,ISIDRO FABELA,Isidro Fabela,10-087
205,2,JALALPA,Jalalpa,10-088
206,2,JALALPA AMPL,Jalalpa Ampl,10-014
207,2,JALALPA EL GRANDE,Jalalpa El Grande,10-089
208,2,JALALPA TEPITO,Jalalpa Tepito,10-090
209,2,JARDINES DEL PEDREGAL,Jardines Del Pedregal,10-091
210,2,JOSE MARIA PINO SUAREZ,Jose Maria Pino Suarez,10-092
211,2,JURISTAS,Juristas,10-093
212,2,LA ANGOSTURA,La Angostura,10-094
213,2,LA ARANA,La Arana,10-095
214,2,LA CANADA,La Canada,10-096
215,2,LA CASCADA,La Cascada,10-097
216,2,LA CEBADA AMPL,La Cebada Ampl,10-098
217,2,LA CONCHITA,La Conchita,10-100
218,2,LA HERRADURA,La Herradura,10-101
219,2,LA HUERTA,La Huerta,10-102
220,2,LA JOYA,La Joya,10-103
221,2,LA LOMA,La Loma,10-104
222,2,LA MARTINICA,La Martinica,10-105
223,2,LA MEXICANA,La Mexicana,10-106
224,2,LA MEXICANA AMPL,La Mexicana Ampl,10-013
225,2,LA MILAGROSA,La Milagrosa,10-107
226,2,LA OTRA BANDA,La Otra Banda,10-108
227,2,LA PALMITA,La Palmita,10-109
228,2,LA PERA XOCHINAHUAC U HAB,La Pera Xochinahuac U Hab,10-110
229,2,LA PRESA,La Presa,10-111
230,2,LA PRESA SECCION HORNOS,La Presa Seccion Hornos,10-112
231,2,LADERA GRANDE O LA CEBADITA,Ladera Grande O La Cebadita,10-113
232,2,LAS AGUILAS,Las Aguilas,10-114
233,2,LAS AGUILAS AMPL,Las Aguilas Ampl,10-115
234,2,LAS AGUILAS SECC HORNOS,Las Aguilas Secc Hornos,10-116
235,2,LAS CUEVITAS,Las Cuevitas,10-118
236,2,LAS PALMAS,Las Palmas,10-119
237,2,LIBERACION PROLETARIA,Liberacion Proletaria,10-120
238,2,LIBERALES DE 1857,Liberales De 1857,10-121
239,2,LLANO REDONDO,Llano Redondo,10-122
240,2,LOMAS DE AXOMIATLA,Lomas De Axomiatla,10-123
241,2,LOMAS DE BECERRA,Lomas De Becerra,10-124
242,2,LOMAS DE BECERRA ARVIDE U HAB,Lomas De Becerra Arvide U Hab,10-126
243,2,LOMAS DE BECERRA U HAB,Lomas De Becerra U Hab,10-125
244,2,LOMAS DE CAPULA,Lomas De Capula,10-127
245,2,LOMAS DE CAPULIN,Lomas De Capulin,10-128
246,2,LOMAS DE CENTENARIO U HAB,Lomas De Centenario U Hab,10-129
247,2,LOMAS DE CHAMONTOYA,Lomas De Chamontoya,10-130
248,2,LOMAS DE GUADALUPE,Lomas De Guadalupe,10-131
249,2,LOMAS DE LA ERA,Lomas De La Era,10-132
250,2,LOMAS DE LAS AGUILAS,Lomas De Las Aguilas,10-133
251,2,LOMAS DE LOS ANGELES TETELPAN,Lomas De Los Angeles Tetelpan,10-134
252,2,LOMAS DE LOS CEDROS,Lomas De Los Cedros,10-135
253,2,LOMAS DE NUEVO MEXICO,Lomas De Nuevo Mexico,10-136
254,2,LOMAS DE PLATEROS U HAB I,Lomas De Plateros U Hab I,10-250
255,2,LOMAS DE PLATEROS U HAB II,Lomas De Plateros U Hab Ii,10-251
256,2,LOMAS DE PUERTA GRANDE,Lomas De Puerta Grande,10-138
257,2,LOMAS DE SAN ANGEL INN,Lomas De San Angel Inn,10-139
258,2,LOMAS DE SANTA FE,Lomas De Santa Fe,10-140
259,2,LOMAS DE SANTA FE II,Lomas De Santa Fe Ii,10-248
260,2,LOMAS DE SANTO DOMINGO,Lomas De Santo Domingo,10-141
261,2,LOMAS DE SANTO DOMINGO AMPL,Lomas De Santo Domingo Ampl,10-142
262,2,LOMAS DE TARANGO,Lomas De Tarango,10-143
263,2,LOMAS DE TETELPAN,Lomas De Tetelpan,10-144
264,2,LORETO,Loreto,10-145
265,2,LOS CEDROS,Los Cedros,10-146
266,2,LOS GAMITOS,Los Gamitos,10-147
267,2,MARGARITA M DE JUAREZ,Margarita M De Juarez,10-148
268,2,MARIA G DE GARCIA RUIZ,Maria G De Garcia Ruiz,10-149
269,2,MARTIRES DE TACUBAYA,Martires De Tacubaya,10-150
270,2,MERCED GOMEZ,Merced Gomez,10-151
271,2,METROPOLITANO U HAB,Metropolitano U Hab,10-152
272,2,MIGUEL GAONA ARMENTA,Miguel Gaona Armenta,10-153
273,2,MIGUEL HIDALGO,Miguel Hidalgo,10-154
274,2,MILPA DEL CEDRO,Milpa Del Cedro,10-155
275,2,MINAS DE CRISTO,Minas De Cristo,10-156
276,2,MOLINO DE ROSAS,Molino De Rosas,10-157
277,2,MOLINO DE ROSAS AMPL,Molino De Rosas Ampl,10-158
278,2,MOLINO DE SANTO DOMINGO,Molino De Santo Domingo,10-159
279,2,MOLINO DE SANTO DOMINGO U HAB,Molino De Santo Domingo U Hab,10-160
280,2,OCHO DE AGOSTO,Ocho De Agosto,10-161
281,2,OCOTILLOS,Ocotillos,10-162
282,2,OLIVAR DE LOS PADRES,Olivar De Los Padres,10-163
283,2,OLIVAR DEL CONDE 1RA SECCION I,Olivar Del Conde 1Ra Seccion I,10-252
284,2,OLIVAR DEL CONDE 1RA SECCION II,Olivar Del Conde 1Ra Seccion Ii,10-253
285,2,OLIVAR DEL CONDE 2DA SECCION I,Olivar Del Conde 2Da Seccion I,10-254
286,2,OLIVAR DEL CONDE 2DA SECCION II,Olivar Del Conde 2Da Seccion Ii,10-255
287,2,PALMAS,Palmas,10-166
288,2,PALMAS AXOTITLA,Palmas Axotitla,10-167
289,2,PARAJE EL CABALLITO,Paraje El Caballito,10-168
290,2,PARQUE RESIDENCIAL SAN ANTONIO U HAB,Parque Residencial San Antonio U Hab,10-169
291,2,PASEO DE LAS LOMAS SAN GABRIEL,Paseo De Las Lomas San Gabriel,10-170
292,2,PILOTO ADOLFO LOPEZ MATEOS,Piloto Adolfo Lopez Mateos,10-171
293,2,PILOTO ADOLFO LOPEZ MATEOS AMPL,Piloto Adolfo Lopez Mateos Ampl,10-172
294,2,PODER POPULAR,Poder Popular,10-173
295,2,POLVORA,Polvora,10-174
296,2,PONCIANO ARRIAGA,Ponciano Arriaga,10-175
297,2,PRADOS LA PROVIDENCIA,Prados La Providencia,10-176
298,2,PREDIO LA ANGOSTURA,Predio La Angostura,10-257
299,2,PRESIDENTES,Presidentes,10-177
300,2,PRESIDENTES 1RA AMPL,Presidentes 1Ra Ampl,10-178
301,2,PRESIDENTES 2DA AMPL,Presidentes 2Da Ampl,10-179
302,2,PRIVADA CENTENARIO,Privada Centenario,10-180
303,2,PROF JOSE ARTURO LOPEZ,Prof Jose Arturo Lopez,10-181
304,2,PROGRESO TIZAPAN,Progreso Tizapan,10-182
305,2,PUEBLO NUEVO,Pueblo Nuevo,10-183
306,2,PUENTE COLORADO,Puente Colorado,10-184
307,2,PUENTE COLORADO AMPL,Puente Colorado Ampl,10-185
308,2,PUNTA DE CEHUAYO,Punta De Cehuayo,10-186
309,2,REACOMODO EL CUERNITO,Reacomodo El Cuernito,10-187
310,2,REACOMODO PINO SUAREZ,Reacomodo Pino Suarez,10-188
311,2,REAL DEL MONTE,Real Del Monte,10-189
312,2,RESIDENCIAL LOS PINOS U HAB,Residencial Los Pinos U Hab,10-259
313,2,RESIDENCIAL MARIA ISABEL,Residencial Maria Isabel,10-258
314,2,RINCON DE LA BOLSA,Rincon De La Bolsa,10-190
315,2,SAN ANGEL,San Angel,10-192
316,2,SAN ANGEL INN,San Angel Inn,10-193
317,2,SAN BARTOLO AMEYALCO PBLO,San Bartolo Ameyalco Pblo,10-194
318,2,SAN CLEMENTE,San Clemente,10-195
319,2,SAN GABRIEL,San Gabriel,10-196
320,2,SAN PEDRO DE LOS PINOS,San Pedro De Los Pinos,10-197
321,2,SANTA FE,Santa Fe,10-198
322,2,SANTA FE KM 8 5,Santa Fe Km 8 5,10-256
323,2,SANTA FE U HAB,Santa Fe U Hab,10-199
324,2,SANTA LUCIA,Santa Lucia,10-200
325,2,SANTA LUCIA PBLO,Santa Lucia Pblo,10-202
326,2,SANTA LUCIA REACOMODO,Santa Lucia Reacomodo,10-201
327,2,SANTA MARIA NONOALCO,Santa Maria Nonoalco,10-203
328,2,SANTA ROSA XOCHIAC PBLO,Santa Rosa Xochiac Pblo,10-204
329,2,SEARS ROEBUCK U HAB,Sears Roebuck U Hab,10-205
330,2,TARANGO U HAB,Tarango U Hab,10-206
331,2,TECOLALCO,Tecolalco,10-208
332,2,TEJOCOTE,Tejocote,10-209
333,2,TEPEACA,Tepeaca,10-210
334,2,TEPEACA AMPL,Tepeaca Ampl,10-211
335,2,TEPOPOTLA,Tepopotla,10-212
336,2,TETELPAN,Tetelpan,10-213
337,2,TETELPAN PBLO,Tetelpan Pblo,10-214
338,2,TETLALPAN,Tetlalpan,10-215
339,2,TIZAMPAMPANO,Tizampampano,10-216
340,2,TIZAPAN TIZAPAN SAN ANGEL,Tizapan Tizapan San Angel,10-217
341,2,TLACOPAC,Tlacopac,10-218
342,2,TLACOYAQUE,Tlacoyaque,10-219
343,2,TLACOYAQUE AMPL,Tlacoyaque Ampl,10-220
344,2,TLACOYAQUE BARR,Tlacoyaque Barr,10-221
345,2,TLACUITLAPA,Tlacuitlapa,10-222
346,2,TLACUITLAPA 2DO REACOMODO AMPL,Tlacuitlapa 2Do Reacomodo Ampl,10-223
347,2,TLAPECHICO,Tlapechico,10-224
348,2,TOLTECA,Tolteca,10-226
349,2,TORRES DE MIXCOAC U HAB,Torres De Mixcoac U Hab,10-227
350,2,TORRES DE POTRERO,Torres De Potrero,10-228
351,2,TORRES SAN ANTONIO U HAB,Torres San Antonio U Hab,10-229
352,2,TORRES SAN PEDRO U HAB,Torres San Pedro U Hab,10-230
353,2,UNIDAD POPULAR TEPEACA,Unidad Popular Tepeaca,10-232
354,2,UNION OLIVOS,Union Olivos,10-233
355,2,UNION POPULAR EMILIANO ZAPATA U HAB,Union Popular Emiliano Zapata U Hab,10-234
356,2,VALENTIN GOMEZ FARIAS,Valentin Gomez Farias,10-235
357,2,VILLA PROGRESISTA,Villa Progresista,10-236
358,2,VILLA SOLIDARIDAD,Villa Solidaridad,10-237
359,2,VILLA VERDUN,Villa Verdun,10-238
360,2,ZENON DELGADO,Zenon Delgado,10-239
361,2,ZOTOLTITLA,Zotoltitla,10-240
362,3,ACACIAS,Acacias,14-001
363,3,ACTIPAN,Actipan,14-002
364,3,ALAMOS I,Alamos I,14-051
365,3,ALAMOS II,Alamos Ii,14-052
366,3,ALBERT,Albert,14-004
367,3,AMERICAS UNIDAS DEL LAGO,Americas Unidas Del Lago,14-005
368,3,ATENOR SALAS,Atenor Salas,14-007
369,3,CENTRO URBANO PRESIDENTE ALEMAN U HAB,Centro Urbano Presidente Aleman U Hab,14-008
370,3,CIUDAD DE LOS DEPORTES,Ciudad De Los Deportes,14-009
371,3,CREDITO CONSTRUCTOR,Credito Constructor,14-010
372,3,DEL VALLE I,Del Valle I,14-053
373,3,DEL VALLE II,Del Valle Ii,14-054
374,3,DEL VALLE III,Del Valle Iii,14-055
375,3,DEL VALLE IV,Del Valle Iv,14-056
376,3,DEL VALLE V,Del Valle V,14-057
377,3,DEL VALLE VI,Del Valle Vi,14-058
378,3,DEL VALLE VII,Del Valle Vii,14-059
379,3,ERMITA,Ermita,14-013
380,3,EXTREMADURA INSURGENTES,Extremadura Insurgentes,14-014
381,3,GENERAL PEDRO MARIA ANAYA,General Pedro Maria Anaya,14-015
382,3,INDEPENDENCIA,Independencia,14-016
383,3,INSURGENTES MIXCOAC,Insurgentes Mixcoac,14-017
384,3,INSURGENTES SAN BORJA,Insurgentes San Borja,14-018
385,3,IZTACCIHUATL,Iztaccihuatl,14-019
386,3,JOSEFA ORTIZ DE DOMINGUEZ,Josefa Ortiz De Dominguez,14-020
387,3,LETRAN VALLE,Letran Valle,14-021
388,3,MARIA DEL CARMEN,Maria Del Carmen,14-022
389,3,MERCED GOMEZ,Merced Gomez,14-023
390,3,MIGUEL ALEMAN,Miguel Aleman,14-024
391,3,MIRAVALLE,Miravalle,14-025
392,3,MIXCOAC,Mixcoac,14-026
393,3,MODERNA,Moderna,14-027
394,3,NAPOLES,Napoles,14-028
395,3,NAPOLES AMPL,Napoles Ampl,14-006
396,3,NARVARTE I,Narvarte I,14-060
397,3,NARVARTE II,Narvarte Ii,14-061
398,3,NARVARTE III,Narvarte Iii,14-062
399,3,NARVARTE IV,Narvarte Iv,14-063
400,3,NARVARTE V,Narvarte V,14-064
401,3,NARVARTE VI,Narvarte Vi,14-065
402,3,NATIVITAS,Nativitas,14-030
403,3,NINOS HEROES DE CHAPULTEPEC,Ninos Heroes De Chapultepec,14-031
404,3,NOCHE BUENA,Noche Buena,14-032
405,3,NONOALCO,Nonoalco,14-033
406,3,OCHO DE AGOSTO,Ocho De Agosto,14-034
407,3,PERIODISTA FRANCISCO ZARCO,Periodista Francisco Zarco,14-035
408,3,PIEDAD NARVARTE,Piedad Narvarte,14-036
409,3,PORTALES I,Portales I,14-066
410,3,PORTALES II,Portales Ii,14-067
411,3,PORTALES III,Portales Iii,14-068
412,3,PORTALES IV,Portales Iv,14-069
413,3,PORTALES ORIENTE,Portales Oriente,14-038
414,3,POSTAL,Postal,14-039
415,3,RESIDENCIAL EMPERADORES,Residencial Emperadores,14-040
416,3,SAN JOSE INSURGENTES,San Jose Insurgentes,14-041
417,3,SAN JUAN,San Juan,14-042
418,3,SAN PEDRO DE LOS PINOS,San Pedro De Los Pinos,14-043
419,3,SAN SIMON TICUMAC,San Simon Ticumac,14-044
420,3,STA CRUZ ATOYAC,Sta Cruz Atoyac,14-045
421,3,TLACOQUEMECATL DEL VALLE,Tlacoquemecatl Del Valle,14-046
422,3,VERTIZ NARVARTE,Vertiz Narvarte,14-047
423,3,VILLA DE CORTES,Villa De Cortes,14-048
424,3,XOCO,Xoco,14-049
425,3,ZACAHUITZCO,Zacahuitzco,14-050
426,4,ADOLFO RUIZ CORTINES I,Adolfo Ruiz Cortines I,03-126
427,4,ADOLFO RUIZ CORTINES II,Adolfo Ruiz Cortines Ii,03-127
428,4,AJUSCO HUAYAMILPAS,Ajusco Huayamilpas,03-003
429,4,AJUSCO I,Ajusco I,03-128
430,4,AJUSCO II,Ajusco Ii,03-129
431,4,AJUSCO III,Ajusco Iii,03-130
432,4,ALIANZA POPULAR REVOLUCIONARIA NORTE U HAB,Alianza Popular Revolucionaria Norte U Hab,03-131
433,4,ALIANZA POPULAR REVOLUCIONARIA ORIENTE U HAB,Alianza Popular Revolucionaria Oriente U Hab,03-148
434,4,ALIANZA POPULAR REVOLUCIONARIA PONIENTE U HAB,Alianza Popular Revolucionaria Poniente U Hab,03-132
435,4,ALTILLO COND ALTILLO ACASULCO,Altillo Cond Altillo Acasulco,03-154
436,4,ALTILLO COND ALTILLO UNIVERSIDAD,Altillo Cond Altillo Universidad,03-005
437,4,AMPLIACION CANDELARIA,Ampliacion Candelaria,03-006
438,4,AMPLIACION SAN FRANCISCO CULHUACAN EJ,Ampliacion San Francisco Culhuacan Ej,03-102
439,4,ATLANTIDA,Atlantida,03-007
440,4,AVANTE,Avante,03-008
441,4,BOSQUES DE TETLAMEYA,Bosques De Tetlameya,03-009
442,4,CAFETALES I RDCIAL,Cafetales I Rdcial,03-010
443,4,CAFETALES II RDCIAL,Cafetales Ii Rdcial,03-011
444,4,CAMPESTRE CHURUBUSCO,Campestre Churubusco,03-012
445,4,CAMPESTRE COYOACAN FRACC,Campestre Coyoacan Fracc,03-013
446,4,CANAL NACIONAL 260 U HAB,Canal Nacional 260 U Hab,03-015
447,4,CANAL NACIONAL U HAB,Canal Nacional U Hab,03-014
448,4,CANTIL DEL PEDREGAL,Cantil Del Pedregal,03-016
449,4,CARMEN SERDAN,Carmen Serdan,03-017
450,4,CENTRO URBANO TLALPAN U HAB,Centro Urbano Tlalpan U Hab,03-018
451,4,CENTRO URBANO U HAB,Centro Urbano U Hab,03-155
452,4,CHIMALISTAC,Chimalistac,03-019
453,4,CIUDAD JARDIN,Ciudad Jardin,03-020
454,4,CIUDAD UNIVERSITARIA,Ciudad Universitaria,03-021
455,4,COPILCO EL ALTO,Copilco El Alto,03-022
456,4,COPILCO EL BAJO,Copilco El Bajo,03-023
457,4,COPILCO UNIVERSIDAD,Copilco Universidad,03-024
458,4,COUNTRY CLUB,Country Club,03-025
459,4,CROC CULHUACAN SECC 6 U HAB,Croc Culhuacan Secc 6 U Hab,03-026
460,4,CTM IX CULHUACAN ZONA 29 30 U HAB,Ctm Ix Culhuacan Zona 29 30 U Hab,03-027
461,4,CTM IX CULHUACAN ZONA 32 33 U HAB,Ctm Ix Culhuacan Zona 32 33 U Hab,03-156
462,4,CTM IXA CULHUACAN U HAB,Ctm Ixa Culhuacan U Hab,03-028
463,4,CTM V CULHUACAN U HAB,Ctm V Culhuacan U Hab,03-029
464,4,CTM VI CULHUACAN U HAB,Ctm Vi Culhuacan U Hab,03-030
465,4,CTM VII CULHUACAN U HAB,Ctm Vii Culhuacan U Hab,03-031
466,4,CTM VIIA CULHUACAN U HAB,Ctm Viia Culhuacan U Hab,03-032
467,4,CTM VIII CULHUACAN U HAB,Ctm Viii Culhuacan U Hab,03-033
468,4,CTM X CULHUACAN U HAB,Ctm X Culhuacan U Hab,03-034
469,4,CUADRANTE DE SAN FRANCISCO,Cuadrante De San Francisco,03-035
470,4,DE LA CANDELARIA PBLO,De La Candelaria Pblo,03-036
471,4,DEL CARMEN,Del Carmen,03-037
472,4,DEL NINO JESUS BARR,Del Nino Jesus Barr,03-038
473,4,EDUCACION,Educacion,03-039
474,4,EL CARACOL,El Caracol,03-041
475,4,EL CENTINELA,El Centinela,03-042
476,4,EL MIRADOR,El Mirador,03-043
477,4,EL PARQUE DE COYOACAN FRACC,El Parque De Coyoacan Fracc,03-044
478,4,EL RELOJ,El Reloj,03-045
479,4,EL ROSEDAL I,El Rosedal I,03-046
480,4,EL ROSEDAL II,El Rosedal Ii,03-149
481,4,EL VERGEL DE COYOACAN INFONAVIT EL HUESO U HAB,El Vergel De Coyoacan Infonavit El Hueso U Hab,03-047
482,4,EMILIANO ZAPATA,Emiliano Zapata,03-048
483,4,EMILIANO ZAPATA U HAB,Emiliano Zapata U Hab,03-049
484,4,ESPARTACO,Espartaco,03-050
485,4,EX EJIDO DE CHURUBUSCO,Ex Ejido De Churubusco,03-150
486,4,EX EJIDO SAN FRANCISCO CULHUACAN I,Ex Ejido San Francisco Culhuacan I,03-040
487,4,EX EJIDO SAN FRANCISCO CULHUACAN II,Ex Ejido San Francisco Culhuacan Ii,03-157
488,4,EX EJIDO SAN FRANCISCO CULHUACAN III,Ex Ejido San Francisco Culhuacan Iii,03-158
489,4,EX HACIENDA COAPA,Ex Hacienda Coapa,03-051
490,4,HACIENDAS DE COYOACAN FRACC,Haciendas De Coyoacan Fracc,03-052
491,4,HERMOSILLO,Hermosillo,03-053
492,4,IMAN,Iman,03-054
493,4,IMAN 580 U HAB,Iman 580 U Hab,03-055
494,4,INFONAVIT CULHUACAN ZONA 1 U HAB,Infonavit Culhuacan Zona 1 U Hab,03-056
495,4,INFONAVIT CULHUACAN ZONA 2 U HAB,Infonavit Culhuacan Zona 2 U Hab,03-057
496,4,INFONAVIT CULHUACAN ZONA 3 U HAB,Infonavit Culhuacan Zona 3 U Hab,03-058
497,4,INSURGENTES CUICUILCO,Insurgentes Cuicuilco,03-059
498,4,INTEGRACION LATINOAMERICANA U HAB,Integracion Latinoamericana U Hab,03-060
499,4,JARDINES DE COYOACAN FRACC,Jardines De Coyoacan Fracc,03-061
500,4,JARDINES DEL PEDREGAL,Jardines Del Pedregal,03-062
501,4,JOYAS DEL PEDREGAL FRACC,Joyas Del Pedregal Fracc,03-063
502,4,LA CANTERA U HAB,La Cantera U Hab,03-064
503,4,LA CONCEPCION BARR,La Concepcion Barr,03-065
504,4,LA MAGDALENA CULHUACAN BARR,La Magdalena Culhuacan Barr,03-066
505,4,LA VIRGEN 1170 U HAB,La Virgen 1170 U Hab,03-067
506,4,LAS CABANAS,Las Cabanas,03-068
507,4,LAS CAMPANAS,Las Campanas,03-069
508,4,LAS TROJES COAPA U HAB,Las Trojes Coapa U Hab,03-070
509,4,LOS CEDROS FRACC,Los Cedros Fracc,03-071
510,4,LOS CIPRESES,Los Cipreses,03-072
511,4,LOS GIRASOLES I,Los Girasoles I,03-073
512,4,LOS GIRASOLES II,Los Girasoles Ii,03-074
513,4,LOS GIRASOLES III,Los Girasoles Iii,03-075
514,4,LOS OLIVOS FRACC,Los Olivos Fracc,03-076
515,4,LOS OLIVOS U HAB,Los Olivos U Hab,03-077
516,4,LOS REYES PBLO,Los Reyes Pblo,03-078
517,4,LOS ROBLES FRACC,Los Robles Fracc,03-079
518,4,LOS SAUCES FRACC,Los Sauces Fracc,03-080
519,4,MEDIA LUNA,Media Luna,03-081
520,4,MONTE DE PIEDAD,Monte De Piedad,03-151
521,4,NUEVA DIAZ ORDAZ,Nueva Diaz Ordaz,03-082
522,4,OLIMPICA,Olimpica,03-083
523,4,OXTOPULCO UNIVERSIDAD,Oxtopulco Universidad,03-084
524,4,PARQUE SAN ANDRES,Parque San Andres,03-085
525,4,PASEOS DE TAXQUENA I,Paseos De Taxquena I,03-133
526,4,PASEOS DE TAXQUENA II,Paseos De Taxquena Ii,03-134
527,4,PEDREGAL DE LA ZORRA,Pedregal De La Zorra,03-087
528,4,PEDREGAL DE SAN ANGEL AMPL,Pedregal De San Angel Ampl,03-088
529,4,PEDREGAL DE SAN FRANCISCO FRACC,Pedregal De San Francisco Fracc,03-089
530,4,PEDREGAL DE SANTA URSULA I,Pedregal De Santa Ursula I,03-135
531,4,PEDREGAL DE SANTA URSULA II,Pedregal De Santa Ursula Ii,03-136
532,4,PEDREGAL DE SANTA URSULA III,Pedregal De Santa Ursula Iii,03-137
533,4,PEDREGAL DE SANTA URSULA IV,Pedregal De Santa Ursula Iv,03-138
534,4,PEDREGAL DE STO DOMINGO I,Pedregal De Sto Domingo I,03-139
535,4,PEDREGAL DE STO DOMINGO II,Pedregal De Sto Domingo Ii,03-140
536,4,PEDREGAL DE STO DOMINGO III,Pedregal De Sto Domingo Iii,03-141
537,4,PEDREGAL DE STO DOMINGO IV,Pedregal De Sto Domingo Iv,03-142
538,4,PEDREGAL DE STO DOMINGO IX,Pedregal De Sto Domingo Ix,03-147
539,4,PEDREGAL DE STO DOMINGO V,Pedregal De Sto Domingo V,03-143
540,4,PEDREGAL DE STO DOMINGO VI,Pedregal De Sto Domingo Vi,03-144
541,4,PEDREGAL DE STO DOMINGO VII,Pedregal De Sto Domingo Vii,03-145
542,4,PEDREGAL DE STO DOMINGO VIII,Pedregal De Sto Domingo Viii,03-146
543,4,PEDREGAL DEL MAUREL,Pedregal Del Maurel,03-091
544,4,PETROLERA TAXQUENA,Petrolera Taxquena,03-092
545,4,PILOTO CULHUACAN U HAB,Piloto Culhuacan U Hab,03-093
546,4,PRADO CHURUBUSCO,Prado Churubusco,03-094
547,4,PRADOS DE COYOACAN,Prados De Coyoacan,03-095
548,4,PRESIDENTES EJIDALES PRIMERA SECCION,Presidentes Ejidales Primera Seccion,03-096
549,4,PRESIDENTES EJIDALES SEGUNDA SECCION,Presidentes Ejidales Segunda Seccion,03-152
550,4,RANCHO EL ROSARIO,Rancho El Rosario,03-097
551,4,ROMERO DE TERREROS,Romero De Terreros,03-098
552,4,ROMERO DE TERREROS COND,Romero De Terreros Cond,03-159
553,4,ROMERO DE TERREROS FRACC,Romero De Terreros Fracc,03-099
554,4,SAN DIEGO CHURUBUSCO,San Diego Churubusco,03-100
555,4,SAN FRANCISCO CULHUACAN PBLO,San Francisco Culhuacan Pblo,03-101
556,4,SAN LUCAS BARR,San Lucas Barr,03-103
557,4,SAN MATEO BARR,San Mateo Barr,03-104
558,4,SAN PABLO TEPETLAPA PBLO,San Pablo Tepetlapa Pblo,03-105
559,4,SANTA CATARINA BARR,Santa Catarina Barr,03-106
560,4,SANTA CECILIA,Santa Cecilia,03-107
561,4,SANTA MARTHA DEL SUR,Santa Martha Del Sur,03-108
562,4,SANTA URSULA COAPA PBLO,Santa Ursula Coapa Pblo,03-109
563,4,SANTA URSULA COYOACAN,Santa Ursula Coyoacan,03-110
564,4,STUNAM CULHUACAN U HAB,Stunam Culhuacan U Hab,03-112
565,4,TAXQUENA,Taxquena,03-153
566,4,VIEJO EJIDO SANTA URSULA COAPA,Viejo Ejido Santa Ursula Coapa,03-113
567,4,VILLA COYOACAN,Villa Coyoacan,03-114
568,4,VILLA PANAMERICANA 1ERA SECCION U HAB,Villa Panamericana 1Era Seccion U Hab,03-115
569,4,VILLA PANAMERICANA 2DA SECCION U HAB,Villa Panamericana 2Da Seccion U Hab,03-116
570,4,VILLA PANAMERICANA 3ERA SECCION U HAB,Villa Panamericana 3Era Seccion U Hab,03-117
571,4,VILLA PANAMERICANA 4TA SECCION U HAB,Villa Panamericana 4Ta Seccion U Hab,03-118
572,4,VILLA PANAMERICANA 5TA SECCION U HAB,Villa Panamericana 5Ta Seccion U Hab,03-119
573,4,VILLA PANAMERICANA 6TA SECCION U HAB,Villa Panamericana 6Ta Seccion U Hab,03-120
574,4,VILLA PANAMERICANA 7MA SECCION U HAB,Villa Panamericana 7Ma Seccion U Hab,03-121
575,4,VILLA QUIETUD FRACC,Villa Quietud Fracc,03-122
576,4,VILLAS DEL PEDREGAL U HAB,Villas Del Pedregal U Hab,03-123
577,4,VISTAS DEL MAUREL U HAB,Vistas Del Maurel U Hab,03-124
578,4,XOTEPINGO,Xotepingo,03-125
579,5,1O DE MAYO,1O De Mayo,04-054
580,5,ABDIAS GARCIA SOTO,Abdias Garcia Soto,04-001
581,5,ADOLFO LOPEZ MATEOS,Adolfo Lopez Mateos,04-002
582,5,AGUA BENDITA,Agua Bendita,04-003
583,5,AHUATENCO,Ahuatenco,04-004
584,5,AMADO NERVO,Amado Nervo,04-005
585,5,BOSQUES DE LAS LOMAS,Bosques De Las Lomas,04-006
586,5,CACALOTE,Cacalote,04-007
587,5,COLA DE PATO,Cola De Pato,04-008
588,5,CORREDOR SANTA FE,Corredor Santa Fe,04-012
589,5,CRUZ BLANCA,Cruz Blanca,04-011
590,5,EBANO U HAB,Ebano U Hab,04-014
591,5,EL CONTADERO,El Contadero,04-015
592,5,EL MOLINITO,El Molinito,04-016
593,5,EL MOLINO,El Molino,04-017
594,5,EL TIANGUILLO,El Tianguillo,04-018
595,5,EL YAQUI,El Yaqui,04-019
596,5,JARDINES DE LA PALMA HUIZACHITO,Jardines De La Palma Huizachito,04-021
597,5,JESUS DEL MONTE,Jesus Del Monte,04-022
598,5,LA PILA,La Pila,04-023
599,5,LA RETAMA,La Retama,04-042
600,5,LA VENTA,La Venta,04-025
601,5,LAS LAJAS,Las Lajas,04-026
602,5,LAS TINAJAS,Las Tinajas,04-028
603,5,LOMA DEL PADRE,Loma Del Padre,04-030
604,5,LOMAS DE MEMETLA,Lomas De Memetla,04-031
605,5,LOMAS DE VISTA HERMOSA,Lomas De Vista Hermosa,04-032
606,5,LOMAS DEL CHAMIZAL,Lomas Del Chamizal,04-033
607,5,MANZANASTITLA,Manzanastitla,04-034
608,5,MEMETLA,Memetla,04-035
609,5,NAVIDAD GRANJAS DE NAVIDAD,Navidad Granjas De Navidad,04-036
610,5,PALO ALTO GRANJAS,Palo Alto Granjas,04-038
611,5,PORTAL DEL SOL,Portal Del Sol,04-055
612,5,SAN JOSE DE LOS CEDROS I,San Jose De Los Cedros I,04-058
613,5,SAN JOSE DE LOS CEDROS II,San Jose De Los Cedros Ii,04-059
614,5,SAN LORENZO ACOPILCO PBLO,San Lorenzo Acopilco Pblo,04-045
615,5,SAN MATEO TLALTENANGO PBLO,San Mateo Tlaltenango Pblo,04-046
616,5,SAN PABLO CHIMALPA PBLO,San Pablo Chimalpa Pblo,04-047
617,5,SAN PEDRO CUAJIMALPA PBLO,San Pedro Cuajimalpa Pblo,04-056
618,5,TEPETONGO,Tepetongo,04-050
619,5,TEXCALCO,Texcalco,04-027
620,5,XALPA,Xalpa,04-051
621,5,ZENTLAPATL,Zentlapatl,04-052
622,6,ALGARIN,Algarin,15-001
623,6,ASTURIAS,Asturias,15-002
624,6,ASTURIAS AMPL,Asturias Ampl,15-003
625,6,ATLAMPA,Atlampa,15-004
626,6,BUENAVISTA I,Buenavista I,15-035
627,6,BUENAVISTA II,Buenavista Ii,15-036
628,6,BUENOS AIRES,Buenos Aires,15-006
629,6,CENTRO I,Centro I,15-037
630,6,CENTRO II,Centro Ii,15-038
631,6,CENTRO III,Centro Iii,15-039
632,6,CENTRO IV,Centro Iv,15-040
633,6,CENTRO V,Centro V,15-041
634,6,CENTRO VI,Centro Vi,15-042
635,6,CENTRO VII,Centro Vii,15-043
636,6,CENTRO VIII,Centro Viii,15-044
637,6,CONDESA,Condesa,15-008
638,6,CUAUHTEMOC,Cuauhtemoc,15-009
639,6,DOCTORES I,Doctores I,15-045
640,6,DOCTORES II,Doctores Ii,15-046
641,6,DOCTORES III,Doctores Iii,15-047
642,6,DOCTORES IV,Doctores Iv,15-048
643,6,DOCTORES V,Doctores V,15-049
644,6,ESPERANZA,Esperanza,15-011
645,6,EX HIPODROMO DE PERALVILLO,Ex Hipodromo De Peralvillo,15-012
646,6,FELIPE PESCADOR,Felipe Pescador,15-013
647,6,GUERRERO I,Guerrero I,15-050
648,6,GUERRERO II,Guerrero Ii,15-051
649,6,GUERRERO III,Guerrero Iii,15-052
650,6,GUERRERO IV,Guerrero Iv,15-053
651,6,HIPODROMO CONDESA,Hipodromo Condesa,15-016
652,6,HIPODROMO I,Hipodromo I,15-054
653,6,HIPODROMO II,Hipodromo Ii,15-055
654,6,JUAREZ,Juarez,15-017
655,6,MAZA,Maza,15-018
656,6,MORELOS I,Morelos I,15-056
657,6,MORELOS II,Morelos Ii,15-057
658,6,MORELOS III,Morelos Iii,15-058
659,6,NONOALCO TLATELOLCO U HAB I,Nonoalco Tlatelolco U Hab I,15-059
660,6,NONOALCO TLATELOLCO U HAB II,Nonoalco Tlatelolco U Hab Ii,15-060
661,6,NONOALCO TLATELOLCO U HAB III,Nonoalco Tlatelolco U Hab Iii,15-061
662,6,OBRERA I,Obrera I,15-062
663,6,OBRERA II,Obrera Ii,15-063
664,6,OBRERA III,Obrera Iii,15-064
665,6,OBRERA IV,Obrera Iv,15-065
666,6,PAULINO NAVARRO,Paulino Navarro,15-022
667,6,PERALVILLO I,Peralvillo I,15-066
668,6,PERALVILLO II,Peralvillo Ii,15-067
669,6,ROMA NORTE I,Roma Norte I,15-068
670,6,ROMA NORTE II,Roma Norte Ii,15-069
671,6,ROMA NORTE III,Roma Norte Iii,15-070
672,6,ROMA SUR I,Roma Sur I,15-071
673,6,ROMA SUR II,Roma Sur Ii,15-072
674,6,SAN RAFAEL I,San Rafael I,15-073
675,6,SAN RAFAEL II,San Rafael Ii,15-074
676,6,SAN SIMON TOLNAHUAC,San Simon Tolnahuac,15-027
677,6,SANTA MARIA INSURGENTES,Santa Maria Insurgentes,15-029
678,6,SANTA MARIA LA RIBERA I,Santa Maria La Ribera I,15-075
679,6,SANTA MARIA LA RIBERA II,Santa Maria La Ribera Ii,15-076
680,6,SANTA MARIA LA RIBERA IV,Santa Maria La Ribera Iv,15-078
681,6,SANTA MARIA U HAB,Santa Maria U Hab,15-028
682,6,TABACALERA,Tabacalera,15-031
683,6,TRANSITO,Transito,15-032
684,6,VALLE GOMEZ,Valle Gomez,15-033
685,6,VISTA ALEGRE,Vista Alegre,15-034
686,7,15 DE AGOSTO,15 De Agosto,05-206
687,7,25 DE JULIO,25 De Julio,05-208
688,7,51 LEGISLATURA,51 Legislatura,05-210
689,7,6 DE JUNIO,6 De Junio,05-211
690,7,7 DE NOVIEMBRE,7 De Noviembre,05-212
691,7,ACUEDUCTO DE GUADALUPE RDCIAL,Acueducto De Guadalupe Rdcial,05-001
692,7,ACUEDUCTO DE GUADALUPE U HAB,Acueducto De Guadalupe U Hab,05-002
693,7,AHUEHUETES,Ahuehuetes,05-003
694,7,AIDEE SOLIS CARDENAS MATIAS ROMERO U HAB,Aidee Solis Cardenas Matias Romero U Hab,05-004
695,7,ARAGON INGUARAN,Aragon Inguaran,05-005
696,7,ARAGON LA VILLA ARAGON,Aragon La Villa Aragon,05-006
697,7,ARBOLEDAS DE CUAUTEPEC,Arboledas De Cuautepec,05-007
698,7,ARBOLEDAS DE CUAUTEPEC AMPL,Arboledas De Cuautepec Ampl,05-008
699,7,ARROYO GUADALUPE U HAB,Arroyo Guadalupe U Hab,05-009
700,7,BELISARIO DOMINGUEZ,Belisario Dominguez,05-010
701,7,BENITO JUAREZ,Benito Juarez,05-011
702,7,BENITO JUAREZ AMPL,Benito Juarez Ampl,05-012
703,7,BONDOJITO,Bondojito,05-013
704,7,C T M ARAGON AMPLIACION U,C T M Aragon Ampliacion U,05-015
705,7,C T M ARAGON U,C T M Aragon U,05-014
706,7,CAMINO A SAN JUAN DE ARAGON PBLO,Camino A San Juan De Aragon Pblo,05-016
707,7,CAMPESTRE ARAGON I,Campestre Aragon I,05-215
708,7,CAMPESTRE ARAGON II,Campestre Aragon Ii,05-216
709,7,CAPULTITLAN,Capultitlan,05-018
710,7,CASAS ALEMAN AMPL I,Casas Aleman Ampl I,05-217
711,7,CASAS ALEMAN AMPL II,Casas Aleman Ampl Ii,05-218
712,7,CASTILLO CHICO,Castillo Chico,05-020
713,7,CASTILLO GRANDE,Castillo Grande,05-021
714,7,CASTILLO GRANDE AMPL,Castillo Grande Ampl,05-022
715,7,CERRO PRIETO,Cerro Prieto,05-023
716,7,CHALMA DE GUADALUPE I,Chalma De Guadalupe I,05-219
717,7,CHALMA DE GUADALUPE II,Chalma De Guadalupe Ii,05-220
718,7,CHURUBUSCO TEPEYAC,Churubusco Tepeyac,05-025
719,7,COCOYOTES,Cocoyotes,05-026
720,7,COCOYOTES AMPL,Cocoyotes Ampl,05-027
721,7,COMPOSITORES MEXICANOS,Compositores Mexicanos,05-028
722,7,CONSTITUCION DE LA REPUBLICA,Constitucion De La Republica,05-029
723,7,COOPERATIVA LUIS ENRIQUE RODRIGUEZ OROZCO U HAB,Cooperativa Luis Enrique Rodriguez Orozco U Hab,05-030
724,7,CTM ATZACOALCO U HAB,Ctm Atzacoalco U Hab,05-031
725,7,CTM EL RISCO U HAB,Ctm El Risco U Hab,05-032
726,7,CUAUTEPEC DE MADERO,Cuautepec De Madero,05-033
727,7,CUAUTEPEC EL ALTO PBLO,Cuautepec El Alto Pblo,05-034
728,7,CUCHILLA DEL TESORO,Cuchilla Del Tesoro,05-035
729,7,CUCHILLA LA JOYA,Cuchilla La Joya,05-036
730,7,DEFENSORES DE LA REPUBLICA,Defensores De La Republica,05-037
731,7,DEL BOSQUE,Del Bosque,05-038
732,7,DEL OBRERO,Del Obrero,05-039
733,7,DM NACIONAL,Dm Nacional,05-040
734,7,EDUARDO MOLINA I U HAB,Eduardo Molina I U Hab,05-041
735,7,EDUARDO MOLINA II U HAB,Eduardo Molina Ii U Hab,05-042
736,7,EJIDOS SAN JUAN DE ARAGON 1A SECCION U HAB,Ejidos San Juan De Aragon 1A Seccion U Hab,05-043
737,7,EJIDOS SAN JUAN DE ARAGON 2A SECCION U HAB,Ejidos San Juan De Aragon 2A Seccion U Hab,05-044
738,7,EL ARBOLILLO,El Arbolillo,05-045
739,7,EL ARBOLILLO 1 U HAB,El Arbolillo 1 U Hab,05-046
740,7,EL ARBOLILLO 2 U HAB,El Arbolillo 2 U Hab,05-047
741,7,EL ARBOLILLO 3 U HAB,El Arbolillo 3 U Hab,05-048
742,7,EL CARMEN,El Carmen,05-049
743,7,EL COYOL U HAB,El Coyol U Hab,05-050
744,7,EL OLIVO,El Olivo,05-051
745,7,EMILIANO ZAPATA,Emiliano Zapata,05-052
746,7,EMILIANO ZAPATA AMPL,Emiliano Zapata Ampl,05-053
747,7,ESTANZUELA,Estanzuela,05-054
748,7,ESTRELLA,Estrella,05-055
749,7,EX ESCUELA DE TIRO,Ex Escuela De Tiro,05-056
750,7,FAJA DE ORO,Faja De Oro,05-058
751,7,FERNANDO CASAS ALEMAN,Fernando Casas Aleman,05-059
752,7,FERROCARRILERA INSURGENTES,Ferrocarrilera Insurgentes,05-060
753,7,FOVISSSTE CUCHILLA U HAB,Fovissste Cuchilla U Hab,05-061
754,7,FOVISSSTE RIO DE GUADALUPE U HAB,Fovissste Rio De Guadalupe U Hab,05-062
755,7,FOVISSTE ARAGON U HAB,Fovisste Aragon U Hab,05-057
756,7,GABRIEL HERNANDEZ,Gabriel Hernandez,05-063
757,7,GABRIEL HERNANDEZ AMPL I,Gabriel Hernandez Ampl I,05-221
758,7,GABRIEL HERNANDEZ AMPL II,Gabriel Hernandez Ampl Ii,05-222
759,7,GENERAL FELIPE BERRIOZABAL,General Felipe Berriozabal,05-065
760,7,GERTRUDIS SANCHEZ 1A SECCION,Gertrudis Sanchez 1A Seccion,05-066
761,7,GERTRUDIS SANCHEZ 2A SECCION,Gertrudis Sanchez 2A Seccion,05-067
762,7,GERTRUDIS SANCHEZ 3A SECCION,Gertrudis Sanchez 3A Seccion,05-068
763,7,GRACIANO SANCHEZ,Graciano Sanchez,05-069
764,7,GRANJAS MODERNAS SAN JUAN DE ARAGON AMPL,Granjas Modernas San Juan De Aragon Ampl,05-070
765,7,GUADALUPE INSURGENTES,Guadalupe Insurgentes,05-071
766,7,GUADALUPE PROLETARIA,Guadalupe Proletaria,05-072
767,7,GUADALUPE PROLETARIA AMPL,Guadalupe Proletaria Ampl,05-073
768,7,GUADALUPE TEPEYAC,Guadalupe Tepeyac,05-074
769,7,GUADALUPE VICTORIA,Guadalupe Victoria,05-075
770,7,GUADALUPE VICTORIA II,Guadalupe Victoria Ii,05-076
771,7,HEROE DE NACOZARI,Heroe De Nacozari,05-077
772,7,HEROES DE CHAPULTEPEC,Heroes De Chapultepec,05-078
773,7,HORNOS DE ARAGON U HAB,Hornos De Aragon U Hab,05-079
774,7,INDECO U HAB,Indeco U Hab,05-080
775,7,INDUSTRIAL I,Industrial I,05-223
776,7,INDUSTRIAL II,Industrial Ii,05-224
777,7,INFONAVIT CAMINO SAN JUAN DE ARAGON U HAB,Infonavit Camino San Juan De Aragon U Hab,05-083
778,7,INFONAVIT LORETO FABELA U HAB,Infonavit Loreto Fabela U Hab,05-084
779,7,INFONAVIT U HAB,Infonavit U Hab,05-082
780,7,JAIME S EMILIANO G,Jaime S Emiliano G,05-085
781,7,JORGE NEGRETE,Jorge Negrete,05-086
782,7,JOSE MARIA MORELOS Y PAVON I U HAB,Jose Maria Morelos Y Pavon I U Hab,05-088
783,7,JOSE MARIA MORELOS Y PAVON II U HAB,Jose Maria Morelos Y Pavon Ii U Hab,05-089
784,7,JOYAS VALLEJO U HAB,Joyas Vallejo U Hab,05-214
785,7,JUAN DE DIOS BATIZ U HAB,Juan De Dios Batiz U Hab,05-090
786,7,JUAN GONZALEZ ROMERO,Juan Gonzalez Romero,05-091
787,7,JUVENTINO ROSAS,Juventino Rosas,05-092
788,7,LA CANDELARIA TICOMAN BARR,La Candelaria Ticoman Barr,05-093
789,7,LA CASILDA,La Casilda,05-094
790,7,LA CRUZ BARR,La Cruz Barr,05-095
791,7,LA ESMERALDA I,La Esmeralda I,05-096
792,7,LA ESMERALDA II,La Esmeralda Ii,05-253
793,7,LA ESMERALDA III,La Esmeralda Iii,05-254
794,7,LA ESMERALDA U HAB,La Esmeralda U Hab,05-097
795,7,LA FORESTAL,La Forestal,05-098
796,7,LA FORESTAL 1,La Forestal 1,05-099
797,7,LA FORESTAL 2,La Forestal 2,05-100
798,7,LA FORESTAL 3,La Forestal 3,05-101
799,7,LA JOYA,La Joya,05-102
800,7,LA JOYITA,La Joyita,05-103
801,7,LA LAGUNA TICOMAN BARR,La Laguna Ticoman Barr,05-104
802,7,LA MALINCHE,La Malinche,05-105
803,7,LA PASTORA,La Pastora,05-106
804,7,LA PATERA CONDOMODULOS U HAB,La Patera Condomodulos U Hab,05-107
805,7,LA PRADERA,La Pradera,05-108
806,7,LA PRADERA I U HAB,La Pradera I U Hab,05-109
807,7,LA PRADERA II U HAB,La Pradera Ii U Hab,05-110
808,7,LA PURISIMA TICOMAN BARR,La Purisima Ticoman Barr,05-111
809,7,LINDAVISTA I,Lindavista I,05-225
810,7,LINDAVISTA II,Lindavista Ii,05-226
811,7,LINDAVISTA VALLEJO U HAB,Lindavista Vallejo U Hab,05-113
812,7,LOMA DE LA PALMA,Loma De La Palma,05-114
813,7,LOMAS DE CUAUTEPEC,Lomas De Cuautepec,05-115
814,7,LOMAS DE SAN JUAN IXHUATEPEC 2A SECCION,Lomas De San Juan Ixhuatepec 2A Seccion,05-116
815,7,LOS OLIVOS U HAB,Los Olivos U Hab,05-117
816,7,LUIS DONALDO COLOSIO,Luis Donaldo Colosio,05-118
817,7,MAGDALENA DE LAS SALINAS,Magdalena De Las Salinas,05-119
818,7,MALACATES,Malacates,05-120
819,7,MALACATES AMPL,Malacates Ampl,05-121
820,7,MALVINAS MEXICANAS,Malvinas Mexicanas,05-122
821,7,MARTIN CARRERA I,Martin Carrera I,05-227
822,7,MARTIN CARRERA II,Martin Carrera Ii,05-228
823,7,MARTIRES DE RIO BLANCO,Martires De Rio Blanco,05-124
824,7,MARTIRES DE RIO BLANCO AMPL,Martires De Rio Blanco Ampl,05-125
825,7,MAXIMINO AVILA CAMACHO,Maximino Avila Camacho,05-126
826,7,NARCISO BASSOLS U HAB,Narciso Bassols U Hab,05-127
827,7,NUEVA ATZACOALCO II,Nueva Atzacoalco Ii,05-230
828,7,NUEVA ATZACOALCO III,Nueva Atzacoalco Iii,05-231
829,7,NUEVA INDUSTRIAL VALLEJO FRACC,Nueva Industrial Vallejo Fracc,05-129
830,7,NUEVA TENOCHTITLAN,Nueva Tenochtitlan,05-130
831,7,NUEVA VALLEJO,Nueva Vallejo,05-131
832,7,PALMATITLA,Palmatitla,05-132
833,7,PANAMERICANA,Panamericana,05-133
834,7,PANAMERICANA AMPL,Panamericana Ampl,05-134
835,7,PARQUE METROPOLITANO,Parque Metropolitano,05-135
836,7,PEMEX LINDAVISTA U HAB,Pemex Lindavista U Hab,05-136
837,7,PLANETARIO LINDAVISTA,Planetario Lindavista,05-137
838,7,PLAZA ORIENTE RDCIAL,Plaza Oriente Rdcial,05-138
839,7,PRADOS DE CUAUTEPEC,Prados De Cuautepec,05-139
840,7,PROGRESO NACIONAL AMPL,Progreso Nacional Ampl,05-141
841,7,PROGRESO NACIONAL I,Progreso Nacional I,05-232
842,7,PROGRESO NACIONAL II,Progreso Nacional Ii,05-233
843,7,PROVIDENCIA AMPL,Providencia Ampl,05-143
844,7,PROVIDENCIA I,Providencia I,05-234
845,7,PROVIDENCIA II,Providencia Ii,05-235
846,7,PROVIDENCIA III,Providencia Iii,05-236
847,7,QUETZALCOATL 3,Quetzalcoatl 3,05-144
848,7,RESIDENCIAL LA ESCALERA FRACC,Residencial La Escalera Fracc,05-145
849,7,RESIDENCIAL ZACATENCO,Residencial Zacatenco,05-146
850,7,REVOLUCION IMSS U HAB,Revolucion Imss U Hab,05-147
851,7,ROSAS DEL TEPEYAC,Rosas Del Tepeyac,05-148
852,7,SALVADOR DIAZ MIRON,Salvador Diaz Miron,05-149
853,7,SAN ANTONIO,San Antonio,05-150
854,7,SAN BARTOLO ATEPEHUACAN PBLO,San Bartolo Atepehuacan Pblo,05-151
855,7,SAN FELIPE DE JESUS I,San Felipe De Jesus I,05-237
856,7,SAN FELIPE DE JESUS II,San Felipe De Jesus Ii,05-238
857,7,SAN FELIPE DE JESUS III,San Felipe De Jesus Iii,05-239
858,7,SAN FELIPE DE JESUS IV,San Felipe De Jesus Iv,05-240
859,7,SAN JOSE DE LA ESCALERA,San Jose De La Escalera,05-153
860,7,SAN JOSE TICOMAN,San Jose Ticoman,05-154
861,7,SAN JUAN DE ARAGON 1A SECCION U HAB I,San Juan De Aragon 1A Seccion U Hab I,05-241
862,7,SAN JUAN DE ARAGON 1A SECCION U HAB II,San Juan De Aragon 1A Seccion U Hab Ii,05-242
863,7,SAN JUAN DE ARAGON 2A SECCION U HAB I,San Juan De Aragon 2A Seccion U Hab I,05-243
864,7,SAN JUAN DE ARAGON 2A SECCION U HAB II,San Juan De Aragon 2A Seccion U Hab Ii,05-244
865,7,SAN JUAN DE ARAGON 3A SECCION U HAB I,San Juan De Aragon 3A Seccion U Hab I,05-159
866,7,SAN JUAN DE ARAGON 3A SECCION U HAB II,San Juan De Aragon 3A Seccion U Hab Ii,05-255
867,7,SAN JUAN DE ARAGON 4A Y 5A SECCION U HAB I,San Juan De Aragon 4A Y 5A Seccion U Hab I,05-245
868,7,SAN JUAN DE ARAGON 4A Y 5A SECCION U HAB II,San Juan De Aragon 4A Y 5A Seccion U Hab Ii,05-246
869,7,SAN JUAN DE ARAGON 6A SECCION U HAB I,San Juan De Aragon 6A Seccion U Hab I,05-161
870,7,SAN JUAN DE ARAGON 6A SECCION U HAB II,San Juan De Aragon 6A Seccion U Hab Ii,05-256
871,7,SAN JUAN DE ARAGON 7 SECC U HAB I,San Juan De Aragon 7 Secc U Hab I,05-247
872,7,SAN JUAN DE ARAGON 7 SECC U HAB II,San Juan De Aragon 7 Secc U Hab Ii,05-248
873,7,SAN JUAN DE ARAGON PBLO,San Juan De Aragon Pblo,05-156
874,7,SAN JUAN III U HAB,San Juan Iii U Hab,05-163
875,7,SAN JUAN Y GUADALUPE TICOMAN BARR,San Juan Y Guadalupe Ticoman Barr,05-164
876,7,SAN MIGUEL CUAUTEPEC,San Miguel Cuautepec,05-165
877,7,SAN MIGUEL LA ESCALERA BARR,San Miguel La Escalera Barr,05-166
878,7,SAN PEDRO EL CHICO,San Pedro El Chico,05-167
879,7,SAN PEDRO ZACATENCO PBLO,San Pedro Zacatenco Pblo,05-168
880,7,SAN RAFAEL TICOMAN BARR,San Rafael Ticoman Barr,05-169
881,7,SANTA ISABEL TOLA PBLO,Santa Isabel Tola Pblo,05-170
882,7,SANTA ROSA,Santa Rosa,05-171
883,7,SANTIAGO ATEPETLAC,Santiago Atepetlac,05-172
884,7,SANTIAGO ATEPETLAC LA SELVITA U HAB,Santiago Atepetlac La Selvita U Hab,05-173
885,7,SANTIAGO ATZACOALCO PBLO,Santiago Atzacoalco Pblo,05-174
886,7,SCT U HAB,Sct U Hab,05-175
887,7,SIETE MARAVILLAS,Siete Maravillas,05-176
888,7,SOLIDARIDAD NACIONAL,Solidaridad Nacional,05-177
889,7,SUTIC VALLEJO U HAB,Sutic Vallejo U Hab,05-178
890,7,TABLAS DE SAN AGUSTIN,Tablas De San Agustin,05-179
891,7,TEPETATAL,Tepetatal,05-180
892,7,TEPEYAC INSURGENTES,Tepeyac Insurgentes,05-181
893,7,TLACAELEL,Tlacaelel,05-182
894,7,TLACAMACA,Tlacamaca,05-183
895,7,TLALPEXCO,Tlalpexco,05-184
896,7,TORRES DE QUIROGA U HAB,Torres De Quiroga U Hab,05-185
897,7,TORRES DE SAN JUAN 1B U HAB,Torres De San Juan 1B U Hab,05-187
898,7,TORRES DE SAN JUAN U HAB,Torres De San Juan U Hab,05-186
899,7,TORRES LINDAVISTA FRACC,Torres Lindavista Fracc,05-188
900,7,TRES ESTRELLAS,Tres Estrellas,05-189
901,7,TRIUNFO DE LA REPUBLICA,Triunfo De La Republica,05-190
902,7,VALLE DE MADERO,Valle De Madero,05-192
903,7,VALLE DEL TEPEYAC,Valle Del Tepeyac,05-193
904,7,VALLEJO I,Vallejo I,05-249
905,7,VALLEJO II,Vallejo Ii,05-250
906,7,VALLEJO PONIENTE,Vallejo Poniente,05-195
907,7,VASCO DE QUIROGA,Vasco De Quiroga,05-196
908,7,VERONICA CASTRO,Veronica Castro,05-197
909,7,VILLA DE ARAGON,Villa De Aragon,05-213
910,7,VILLA DE ARAGON FRACC,Villa De Aragon Fracc,05-198
911,7,VILLA GUSTAVO A MADERO,Villa Gustavo A Madero,05-199
912,7,VILLA HERMOSA,Villa Hermosa,05-200
913,7,VISTA HERMOSA,Vista Hermosa,05-202
914,7,ZONA ESCOLAR I,Zona Escolar I,05-251
915,7,ZONA ESCOLAR II,Zona Escolar Ii,05-252
916,7,ZONA ESCOLAR ORIENTE,Zona Escolar Oriente,05-205
917,8,AGRICOLA ORIENTAL I,Agricola Oriental I,06-040
918,8,AGRICOLA ORIENTAL II,Agricola Oriental Ii,06-041
919,8,AGRICOLA ORIENTAL III,Agricola Oriental Iii,06-042
920,8,AGRICOLA ORIENTAL IV,Agricola Oriental Iv,06-043
921,8,AGRICOLA ORIENTAL V,Agricola Oriental V,06-044
922,8,AGRICOLA ORIENTAL VI,Agricola Oriental Vi,06-045
923,8,AGRICOLA ORIENTAL VII,Agricola Oriental Vii,06-046
924,8,AGRICOLA ORIENTAL VIII,Agricola Oriental Viii,06-047
925,8,AMPLIACION RAMOS MILLAN,Ampliacion Ramos Millan,06-002
926,8,CAMPAMENTO 2 DE OCTUBRE I,Campamento 2 De Octubre I,06-048
927,8,CAMPAMENTO 2 DE OCTUBRE II,Campamento 2 De Octubre Ii,06-049
928,8,CARLOS ZAPATA VELA,Carlos Zapata Vela,06-004
929,8,CUCHILLA AGRICOLA ORIENTAL,Cuchilla Agricola Oriental,06-006
930,8,CUCHILLA RAMOS MILLAN,Cuchilla Ramos Millan,06-007
931,8,EL RODEO,El Rodeo,06-008
932,8,EX EJIDOS DE LA MAGDALENA MIXIHUCA,Ex Ejidos De La Magdalena Mixihuca,06-009
933,8,FRACCIONAMIENTO COYUYA,Fraccionamiento Coyuya,06-005
934,8,GABRIEL RAMOS MILLAN,Gabriel Ramos Millan,06-010
935,8,GRANJAS MEXICO I,Granjas Mexico I,06-050
936,8,GRANJAS MEXICO II,Granjas Mexico Ii,06-051
937,8,INFONAVIT IZTACALCO U HAB I,Infonavit Iztacalco U Hab I,06-052
938,8,INFONAVIT IZTACALCO U HAB II,Infonavit Iztacalco U Hab Ii,06-053
939,8,INPI PICOS,Inpi Picos,06-013
940,8,JARDINES TECMA,Jardines Tecma,06-014
941,8,JUVENTINO ROSAS I,Juventino Rosas I,06-054
942,8,JUVENTINO ROSAS II,Juventino Rosas Ii,06-055
943,8,LA ASUNCION BARR,La Asuncion Barr,06-016
944,8,LA CRUZ,La Cruz,06-017
945,8,LOS REYES BARR,Los Reyes Barr,06-018
946,8,MILITAR MARTE,Militar Marte,06-019
947,8,MOSCO CHINAMPA,Mosco Chinampa,06-020
948,8,NUEVA STA ANITA,Nueva Sta Anita,06-021
949,8,PANTITLAN I,Pantitlan I,06-056
950,8,PANTITLAN II,Pantitlan Ii,06-057
951,8,PANTITLAN III,Pantitlan Iii,06-058
952,8,PANTITLAN IV,Pantitlan Iv,06-059
953,8,PANTITLAN V,Pantitlan V,06-060
954,8,PICOS IZTACALCO 1 A,Picos Iztacalco 1 A,06-023
955,8,PICOS IZTACALCO 1B,Picos Iztacalco 1B,06-024
956,8,PICOS IZTACALCO 2A,Picos Iztacalco 2A,06-025
957,8,RAMOS MILLAN BRAMADERO I,Ramos Millan Bramadero I,06-061
958,8,RAMOS MILLAN BRAMADERO II,Ramos Millan Bramadero Ii,06-062
959,8,REFORMA IZTACCIHUATL NORTE,Reforma Iztaccihuatl Norte,06-027
960,8,REFORMA IZTACCIHUATL SUR,Reforma Iztaccihuatl Sur,06-028
961,8,SAN FCO XICALTONGO BARR,San Fco Xicaltongo Barr,06-029
962,8,SAN MIGUEL BARR,San Miguel Barr,06-030
963,8,SAN PEDRO IZTACALCO BARR,San Pedro Iztacalco Barr,06-031
964,8,SANTA ANITA,Santa Anita,06-032
965,8,SANTA CRUZ BARR,Santa Cruz Barr,06-033
966,8,SANTIAGO NORTE BARR,Santiago Norte Barr,06-034
967,8,SANTIAGO SUR BARR,Santiago Sur Barr,06-035
968,8,TLACOTAL RAMOS MILLAN,Tlacotal Ramos Millan,06-036
969,8,TLAZINTLA,Tlazintla,06-037
970,8,VIADUCTO PIEDAD,Viaducto Piedad,06-038
971,8,ZAPOTLA BARR,Zapotla Barr,06-039
972,9,12 DE DICIEMBRE,12 De Diciembre,07-253
973,9,1A AMPLIACION SANTIAGO ACAHUALTEPEC,1A Ampliacion Santiago Acahualtepec,07-254
974,9,2A AMPLIACION SANTIAGO ACAHUALTEPEC I,2A Ampliacion Santiago Acahualtepec I,07-308
975,9,2A AMPLIACION SANTIAGO ACAHUALTEPEC II,2A Ampliacion Santiago Acahualtepec Ii,07-309
976,9,8A DE SAN MIGUEL AMPL,8A De San Miguel Ampl,07-256
977,9,9 1 2 FRANCISCO VILLA EJERCITO CONSTITUCIONALISTA CONJ HAB,9 1 2 Francisco Villa Ejercito Constitucionalista Conj Hab,07-257
978,9,ACULCO PBLO,Aculco Pblo,07-001
979,9,ALBARRADAS U HAB,Albarradas U Hab,07-002
980,9,ALCANFORES U HAB,Alcanfores U Hab,07-003
981,9,ALLEPETLALI U HAB,Allepetlali U Hab,07-004
982,9,ALVARO OBREGON,Alvaro Obregon,07-005
983,9,ALVARO OBREGON FRACC,Alvaro Obregon Fracc,07-006
984,9,ANO DE JUAREZ,Ano De Juarez,07-007
985,9,ANTORCHA POPULAR I U HAB,Antorcha Popular I U Hab,07-008
986,9,APATLACO,Apatlaco,07-009
987,9,ARBOLEDAS,Arboledas,07-010
988,9,ART 4TO CONSTITUCIONAL U HAB,Art 4To Constitucional U Hab,07-011
989,9,BANJIDAL,Banjidal,07-012
990,9,BARRANCAS DE GUADALUPE,Barrancas De Guadalupe,07-013
991,9,BELLAVISTA U HAB,Bellavista U Hab,07-014
992,9,BENITO JUAREZ,Benito Juarez,07-015
993,9,BUENAVISTA I,Buenavista I,07-258
994,9,BUENAVISTA II,Buenavista Ii,07-259
995,9,CABEZA DE JUAREZ I U HAB,Cabeza De Juarez I U Hab,07-017
996,9,CABEZA DE JUAREZ II U HAB,Cabeza De Juarez Ii U Hab,07-018
997,9,CABEZA DE JUAREZ III U HAB,Cabeza De Juarez Iii U Hab,07-019
998,9,CACAMA,Cacama,07-020
999,9,CAMPESTRE POTRERO,Campestre Potrero,07-021
1000,9,CANANEA U HAB,Cananea U Hab,07-022
1001,9,CARLOS HANK GONZALEZ,Carlos Hank Gonzalez,07-023
1002,9,CARMEN SERDAN U HAB,Carmen Serdan U Hab,07-024
1003,9,CAROLOS PACHECO U HAB,Carolos Pacheco U Hab,07-319
1004,9,CASA BLANCA,Casa Blanca,07-025
1005,9,CE CUALLI OHTLI U HAB,Ce Cualli Ohtli U Hab,07-026
1006,9,CERRO DE LA ESTRELLA I,Cerro De La Estrella I,07-260
1007,9,CERRO DE LA ESTRELLA II,Cerro De La Estrella Ii,07-261
1008,9,CHINAMPAC DE JUAREZ I,Chinampac De Juarez I,07-262
1009,9,CHINAMPAC DE JUAREZ II,Chinampac De Juarez Ii,07-263
1010,9,CHINAMPAC DE JUAREZ III,Chinampac De Juarez Iii,07-320
1011,9,CHINAMPAS DE SANTA MA TOMATLAN,Chinampas De Santa Ma Tomatlan,07-029
1012,9,CITLALLI,Citlalli,07-030
1013,9,COLONIAL IZTAPALAPA FRACC,Colonial Iztapalapa Fracc,07-031
1014,9,CONCORDIA ZARAGOZA U HAB,Concordia Zaragoza U Hab,07-032
1015,9,CONSEJO AGRARISTA MEXICANO I,Consejo Agrarista Mexicano I,07-264
1016,9,CONSEJO AGRARISTA MEXICANO II,Consejo Agrarista Mexicano Ii,07-265
1017,9,CONSTITUCION DE 1917 I,Constitucion De 1917 I,07-266
1018,9,CONSTITUCION DE 1917 II,Constitucion De 1917 Ii,07-267
1019,9,CUCHILLAS DEL MORAL U HAB,Cuchillas Del Moral U Hab,07-035
1020,9,CUITLAHUAC U HAB,Cuitlahuac U Hab,07-036
1021,9,CULHUACAN PBLO,Culhuacan Pblo,07-037
1022,9,DEGOLLADO,Degollado,07-038
1023,9,DEGOLLADO CHICO,Degollado Chico,07-039
1024,9,DESARROLLO URBANO QUETZALCOATL I,Desarrollo Urbano Quetzalcoatl I,07-268
1025,9,DESARROLLO URBANO QUETZALCOATL II,Desarrollo Urbano Quetzalcoatl Ii,07-269
1026,9,DESARROLLO URBANO QUETZALCOATL III,Desarrollo Urbano Quetzalcoatl Iii,07-270
1027,9,DR ALFONSO ORTIZ TIRADO,Dr Alfonso Ortiz Tirado,07-041
1028,9,EJERCITO DE AGUA PRIETA,Ejercito De Agua Prieta,07-042
1029,9,EJERCITO DE ORIENTE U HAB I,Ejercito De Oriente U Hab I,07-271
1030,9,EJERCITO DE ORIENTE U HAB II,Ejercito De Oriente U Hab Ii,07-272
1031,9,EJTO CONSTITUCIONALISTA,Ejto Constitucionalista,07-044
1032,9,EJTO CONSTITUCIONALISTA II U HAB,Ejto Constitucionalista Ii U Hab,07-045
1033,9,EJTO CONSTITUCIONALISTA SUPERMANZANA I U HAB,Ejto Constitucionalista Supermanzana I U Hab,07-046
1034,9,EJTO CONSTITUCIONALISTA SUPERMANZANA II U HAB,Ejto Constitucionalista Supermanzana Ii U Hab,07-047
1035,9,EJTO CONSTITUCIONALISTA SUPERMANZANA III U HAB,Ejto Constitucionalista Supermanzana Iii U Hab,07-048
1036,9,EJTO DE OTE II U HAB,Ejto De Ote Ii U Hab,07-049
1037,9,EL EDEN,El Eden,07-050
1038,9,EL MANTO,El Manto,07-051
1039,9,EL MANTO PLAN DE IGUALA,El Manto Plan De Iguala,07-052
1040,9,EL MIRADOR,El Mirador,07-053
1041,9,EL MOLINO,El Molino,07-054
1042,9,EL MOLINO,El Molino,07-055
1043,9,EL PRADO,El Prado,07-056
1044,9,EL RETONO,El Retono,07-057
1045,9,EL RODEO,El Rodeo,07-058
1046,9,EL ROSARIO,El Rosario,07-059
1047,9,EL SANTUARIO,El Santuario,07-060
1048,9,EL SANTUARIO AMPL,El Santuario Ampl,07-061
1049,9,EL SIFON,El Sifon,07-062
1050,9,EL TRIANGULO,El Triangulo,07-063
1051,9,EL TRIUNFO,El Triunfo,07-064
1052,9,EL TRIUNFO AMPL,El Triunfo Ampl,07-065
1053,9,EL VERGEL,El Vergel,07-066
1054,9,EL VERGEL TRIANGULO DE LAS AGUJAS I U HAB,El Vergel Triangulo De Las Agujas I U Hab,07-067
1055,9,EL VERGEL TRIANGULO DE LAS AGUJAS II U HAB,El Vergel Triangulo De Las Agujas Ii U Hab,07-068
1056,9,EMILIANO ZAPATA AMPL,Emiliano Zapata Ampl,07-069
1057,9,ERMITA ZARAGOZA U HAB I,Ermita Zaragoza U Hab I,07-273
1058,9,ERMITA ZARAGOZA U HAB II,Ermita Zaragoza U Hab Ii,07-274
1059,9,ESCUADRON 201,Escuadron 201,07-071
1060,9,ESTADO DE VERACRUZ,Estado De Veracruz,07-072
1061,9,ESTRELLA CULHUACAN,Estrella Culhuacan,07-073
1062,9,ESTRELLA DEL SUR,Estrella Del Sur,07-074
1063,9,F P F V PREDIO EL MOLINO U HAB,F P F V Predio El Molino U Hab,07-075
1064,9,FRANCISCO VILLA,Francisco Villa,07-076
1065,9,FUEGO NUEVO,Fuego Nuevo,07-077
1066,9,FUENTES DE ZARAGOZA U HAB,Fuentes De Zaragoza U Hab,07-078
1067,9,FUERTE DE LORETO LA ANTENA U HAB,Fuerte De Loreto La Antena U Hab,07-079
1068,9,GAMA GAVILAN U HAB,Gama Gavilan U Hab,07-080
1069,9,GAVILAN U HAB,Gavilan U Hab,07-081
1070,9,GRANJAS ESMERALDA,Granjas Esmeralda,07-082
1071,9,GRANJAS ESTRELLA I,Granjas Estrella I,07-083
1072,9,GRANJAS ESTRELLA II,Granjas Estrella Ii,07-084
1073,9,GRANJAS ESTRELLA III,Granjas Estrella Iii,07-085
1074,9,GRANJAS SAN ANTONIO,Granjas San Antonio,07-086
1075,9,GUADALUPE BARR,Guadalupe Barr,07-087
1076,9,GUADALUPE DEL MORAL,Guadalupe Del Moral,07-088
1077,9,GUELATAO DE JUAREZ I U HAB,Guelatao De Juarez I U Hab,07-089
1078,9,GUELATAO DE JUAREZ II U HAB,Guelatao De Juarez Ii U Hab,07-090
1079,9,HEROES DE CHURUBUSCO,Heroes De Churubusco,07-091
1080,9,HUASIPUNGO U HAB,Huasipungo U Hab,07-092
1081,9,HUITZICO LA POBLANITA,Huitzico La Poblanita,07-093
1082,9,IGNACIO ZARAGOZA U HAB,Ignacio Zaragoza U Hab,07-094
1083,9,INSURGENTES,Insurgentes,07-095
1084,9,IXTLAHUACAN,Ixtlahuacan,07-096
1085,9,JACARANDAS,Jacarandas,07-097
1086,9,JARDINES DE CHURUBUSCO,Jardines De Churubusco,07-098
1087,9,JARDINES DE SAN LORENZO,Jardines De San Lorenzo,07-099
1088,9,JOSE LOPEZ PORTILLO I,Jose Lopez Portillo I,07-275
1089,9,JOSE LOPEZ PORTILLO II,Jose Lopez Portillo Ii,07-276
1090,9,JOSE MA MORELOS Y PAVON U HAB,Jose Ma Morelos Y Pavon U Hab,07-101
1091,9,JUAN ESCUTIA I,Juan Escutia I,07-277
1092,9,JUAN ESCUTIA II,Juan Escutia Ii,07-278
1093,9,JUAN ESCUTIA III,Juan Escutia Iii,07-313
1094,9,JUSTO SIERRA,Justo Sierra,07-103
1095,9,LA ASUNCION BARR,La Asuncion Barr,07-104
1096,9,LA COLMENA U HAB,La Colmena U Hab,07-105
1097,9,LA ERA,La Era,07-106
1098,9,LA ESPERANZA,La Esperanza,07-107
1099,9,LA ESTACION,La Estacion,07-108
1100,9,LA JOYA,La Joya,07-109
1101,9,LA JOYITA,La Joyita,07-110
1102,9,LA MAGUEYERA,La Magueyera,07-111
1103,9,LA NUEVA ROSITA,La Nueva Rosita,07-112
1104,9,LA PLANTA,La Planta,07-113
1105,9,LA POLVORILLA,La Polvorilla,07-114
1106,9,LA REGADERA,La Regadera,07-116
1107,9,LAS AMERICAS U HAB,Las Americas U Hab,07-117
1108,9,LAS PENAS I,Las Penas I,07-118
1109,9,LAS PENAS II,Las Penas Ii,07-314
1110,9,LEYES DE REFORMA 1A SECCION,Leyes De Reforma 1A Seccion,07-119
1111,9,LEYES DE REFORMA 2A SECCION,Leyes De Reforma 2A Seccion,07-120
1112,9,LEYES DE REFORMA 3A SECCION I,Leyes De Reforma 3A Seccion I,07-279
1113,9,LEYES DE REFORMA 3A SECCION II,Leyes De Reforma 3A Seccion Ii,07-280
1114,9,LOMAS DE LA ESTANCIA I,Lomas De La Estancia I,07-281
1115,9,LOMAS DE LA ESTANCIA II,Lomas De La Estancia Ii,07-282
1116,9,LOMAS DE SAN LORENZO I,Lomas De San Lorenzo I,07-283
1117,9,LOMAS DE SAN LORENZO II,Lomas De San Lorenzo Ii,07-284
1118,9,LOMAS DE SANTA CRUZ MEYEHUALCO,Lomas De Santa Cruz Meyehualco,07-124
1119,9,LOMAS DE ZARAGOZA,Lomas De Zaragoza,07-125
1120,9,LOMAS EL MANTO,Lomas El Manto,07-126
1121,9,LOMAS ESTRELLA 1A SECC FRACC,Lomas Estrella 1A Secc Fracc,07-128
1122,9,LOMAS ESTRELLA 2A SECC I,Lomas Estrella 2A Secc I,07-285
1123,9,LOMAS ESTRELLA 2A SECC II,Lomas Estrella 2A Secc Ii,07-286
1124,9,LOMAS ESTRELLA III U HAB,Lomas Estrella Iii U Hab,07-127
1125,9,LOS ANGELES,Los Angeles,07-130
1126,9,LOS ANGELES APANOAYA,Los Angeles Apanoaya,07-131
1127,9,LOS CIPRESES,Los Cipreses,07-132
1128,9,LOS PICOS VI B,Los Picos Vi B,07-133
1129,9,LOS REYES AMPL,Los Reyes Ampl,07-134
1130,9,LOS REYES PBLO,Los Reyes Pblo,07-135
1131,9,M MAZA DE JUAREZ U HAB,M Maza De Juarez U Hab,07-136
1132,9,MAGDALENA ATLAZOLPA PBLO,Magdalena Atlazolpa Pblo,07-137
1133,9,MEXICALTZINGO PBLO,Mexicaltzingo Pblo,07-138
1134,9,MIGUEL DE LA MADRID HURTADO,Miguel De La Madrid Hurtado,07-139
1135,9,MINAS POLVORILLA U HAB,Minas Polvorilla U Hab,07-140
1136,9,MINERVA,Minerva,07-141
1137,9,MIRASOLES U HAB,Mirasoles U Hab,07-142
1138,9,MIRAVALLE,Miravalle,07-143
1139,9,MIXCOATL,Mixcoatl,07-144
1140,9,MODELO U,Modelo U,07-145
1141,9,MONTE ALBAN,Monte Alban,07-146
1142,9,MOYOCOYANI U HAB,Moyocoyani U Hab,07-147
1143,9,NA HAL TI U HAB,Na Hal Ti U Hab,07-148
1144,9,NORMA ISSSTE U HAB,Norma Issste U Hab,07-149
1145,9,NUEVA GENERACION U HAB,Nueva Generacion U Hab,07-150
1146,9,PALMITAS,Palmitas,07-151
1147,9,PARAISO,Paraiso,07-152
1148,9,PARAISO AMPL,Paraiso Ampl,07-153
1149,9,PARAJE SAN JUAN,Paraje San Juan,07-154
1150,9,PARAJE ZACATEPEC,Paraje Zacatepec,07-155
1151,9,PARAJES BUENAVISTA TETECON,Parajes Buenavista Tetecon,07-156
1152,9,PASEOS DE CHURUBUSCO,Paseos De Churubusco,07-157
1153,9,PENON VIEJO U HAB,Penon Viejo U Hab,07-158
1154,9,PLENITUD U HAB,Plenitud U Hab,07-159
1155,9,PLUTARCO ELIAS CALLES U HAB,Plutarco Elias Calles U Hab,07-160
1156,9,POLVORILLA AMPL,Polvorilla Ampl,07-115
1157,9,PREDIO DEGOLLADO,Predio Degollado,07-161
1158,9,PREDIO SANTA CRUZ MEYEHUALCO,Predio Santa Cruz Meyehualco,07-321
1159,9,PRESIDENTES DE MEXICO,Presidentes De Mexico,07-162
1160,9,PRIVADA GAVILAN U HAB,Privada Gavilan U Hab,07-163
1161,9,PROGRESISTA,Progresista,07-164
1162,9,PROGRESO DEL SUR,Progreso Del Sur,07-165
1163,9,PUENTE BLANCO,Puente Blanco,07-166
1164,9,PURISIMA ATLAZOLPA,Purisima Atlazolpa,07-167
1165,9,PURISIMA I,Purisima I,07-168
1166,9,REAL DEL MORAL FRACC,Real Del Moral Fracc,07-169
1167,9,REFORMA POLITICA I,Reforma Politica I,07-287
1168,9,REFORMA POLITICA II,Reforma Politica Ii,07-288
1169,9,RENOVACION,Renovacion,07-171
1170,9,RICARDO FLORES MAGON,Ricardo Flores Magon,07-172
1171,9,RICARDO FLORES MAGON AMPL,Ricardo Flores Magon Ampl,07-173
1172,9,RINCONADA EL MOLINO,Rinconada El Molino,07-174
1173,9,ROTARIOS U HAB,Rotarios U Hab,07-315
1174,9,SAN ANDRES TETEPILCO PBLO,San Andres Tetepilco Pblo,07-175
1175,9,SAN ANDRES TOMATLAN PBLO,San Andres Tomatlan Pblo,07-176
1176,9,SAN ANTONIO BARR,San Antonio Barr,07-177
1177,9,SAN ANTONIO CULHUACAN BARR,San Antonio Culhuacan Barr,07-178
1178,9,SAN FRANCISCO APOLOCALCO,San Francisco Apolocalco,07-179
1179,9,SAN IGNACIO BARR,San Ignacio Barr,07-180
1180,9,SAN JOSE ACULCO,San Jose Aculco,07-182
1181,9,SAN JOSE BARR,San Jose Barr,07-181
1182,9,SAN JOSE BUENAVISTA,San Jose Buenavista,07-183
1183,9,SAN JUAN 2A AMPLIACION PJE,San Juan 2A Ampliacion Pje,07-184
1184,9,SAN JUAN CERRO PJE,San Juan Cerro Pje,07-185
1185,9,SAN JUAN JOYA PJE,San Juan Joya Pje,07-186
1186,9,SAN JUAN XALPA I,San Juan Xalpa I,07-289
1187,9,SAN JUAN XALPA II,San Juan Xalpa Ii,07-290
1188,9,SAN JUANICO NEXTIPAC PBLO,San Juanico Nextipac Pblo,07-188
1189,9,SAN LORENZO 870 U HAB,San Lorenzo 870 U Hab,07-189
1190,9,SAN LORENZO TEZONCO BARR,San Lorenzo Tezonco Barr,07-190
1191,9,SAN LORENZO TEZONCO I U HAB,San Lorenzo Tezonco I U Hab,07-192
1192,9,SAN LORENZO TEZONCO II U HAB,San Lorenzo Tezonco Ii U Hab,07-193
1193,9,SAN LORENZO TEZONCO PBLO,San Lorenzo Tezonco Pblo,07-191
1194,9,SAN LORENZO XICOTENCATL PBLO,San Lorenzo Xicotencatl Pblo,07-194
1195,9,SAN LUCAS BARR,San Lucas Barr,07-195
1196,9,SAN MIGUEL BARR,San Miguel Barr,07-196
1197,9,SAN MIGUEL TEOTONGO I,San Miguel Teotongo I,07-291
1198,9,SAN MIGUEL TEOTONGO II,San Miguel Teotongo Ii,07-292
1199,9,SAN MIGUEL TEOTONGO III,San Miguel Teotongo Iii,07-293
1200,9,SAN MIGUEL TEOTONGO IV,San Miguel Teotongo Iv,07-294
1201,9,SAN NICOLAS TOLENTINO I,San Nicolas Tolentino I,07-198
1202,9,SAN NICOLAS TOLENTINO II,San Nicolas Tolentino Ii,07-199
1203,9,SAN PABLO BARR,San Pablo Barr,07-200
1204,9,SAN PABLO I II Y V LOMAS DEL PARAISO,San Pablo I Ii Y V Lomas Del Paraiso,07-201
1205,9,SAN PEDRO BARR,San Pedro Barr,07-202
1206,9,SAN SEBASTIAN TECOLOXTITLAN PBLO,San Sebastian Tecoloxtitlan Pblo,07-203
1207,9,SAN SIMON CULHUACAN BARR,San Simon Culhuacan Barr,07-204
1208,9,SANTA BARBARA BARR I,Santa Barbara Barr I,07-205
1209,9,SANTA BARBARA BARR II,Santa Barbara Barr Ii,07-316
1210,9,SANTA CRUZ MEYEHUALCO PBLO,Santa Cruz Meyehualco Pblo,07-206
1211,9,SANTA CRUZ MEYEHUALCO U HAB I,Santa Cruz Meyehualco U Hab I,07-295
1212,9,SANTA CRUZ MEYEHUALCO U HAB II,Santa Cruz Meyehualco U Hab Ii,07-296
1213,9,SANTA CRUZ VI U HAB,Santa Cruz Vi U Hab,07-208
1214,9,SANTA CRUZ VII U HAB,Santa Cruz Vii U Hab,07-209
1215,9,SANTA MARIA AZTAHUACAN EJ I,Santa Maria Aztahuacan Ej I,07-297
1216,9,SANTA MARIA AZTAHUACAN EJ II,Santa Maria Aztahuacan Ej Ii,07-298
1217,9,SANTA MARIA AZTAHUACAN U HAB,Santa Maria Aztahuacan U Hab,07-317
1218,9,SANTA MARIA DEL MONTE,Santa Maria Del Monte,07-211
1219,9,SANTA MARIA TOMATLAN,Santa Maria Tomatlan,07-212
1220,9,SANTA MARIA TOMATLAN AMPL,Santa Maria Tomatlan Ampl,07-213
1221,9,SANTA MARIA TOMATLAN PBLO,Santa Maria Tomatlan Pblo,07-214
1222,9,SANTA MARTHA ACATITLA,Santa Martha Acatitla,07-215
1223,9,SANTA MARTHA ACATITLA PBLO,Santa Martha Acatitla Pblo,07-217
1224,9,SANTA MARTHA ACATITLA SUR AMPL,Santa Martha Acatitla Sur Ampl,07-216
1225,9,SANTIAGO ACAHUALTEPEC PBLO,Santiago Acahualtepec Pblo,07-219
1226,9,SECTOR POPULAR,Sector Popular,07-220
1227,9,SIDERAL,Sideral,07-221
1228,9,SIERRA DEL VALLE,Sierra Del Valle,07-222
1229,9,SINATEL,Sinatel,07-223
1230,9,SINATEL AMPL,Sinatel Ampl,07-224
1231,9,SOLIDARIDAD EL SALADO U HAB,Solidaridad El Salado U Hab,07-225
1232,9,STA ISABEL INDUSTRIAL,Sta Isabel Industrial,07-226
1233,9,STA MA AZTAHUACAN PBLO,Sta Ma Aztahuacan Pblo,07-227
1234,9,STA MARTHA ACATITLA NTE AMPL I,Sta Martha Acatitla Nte Ampl I,07-299
1235,9,STA MARTHA ACATITLA NTE AMPL II,Sta Martha Acatitla Nte Ampl Ii,07-300
1236,9,TENORIOS,Tenorios,07-229
1237,9,TENORIOS AMPL,Tenorios Ampl,07-318
1238,9,TEPALCATES I,Tepalcates I,07-301
1239,9,TEPALCATES II,Tepalcates Ii,07-302
1240,9,TEXCOCO EL SALADO,Texcoco El Salado,07-231
1241,9,TLALTENCO U HAB,Tlaltenco U Hab,07-232
1242,9,TLANEZICALLI U HAB,Tlanezicalli U Hab,07-233
1243,9,TULA BARR,Tula Barr,07-234
1244,9,USCOVI U HAB,Uscovi U Hab,07-235
1245,9,VALLE DE LUCES I,Valle De Luces I,07-237
1246,9,VALLE DE LUCES II,Valle De Luces Ii,07-238
1247,9,VALLE DE LUCES U HAB,Valle De Luces U Hab,07-236
1248,9,VALLE DE SAN LORENZO I,Valle De San Lorenzo I,07-303
1249,9,VALLE DE SAN LORENZO II,Valle De San Lorenzo Ii,07-304
1250,9,VALLE DEL SUR,Valle Del Sur,07-240
1251,9,VERACRUZANA AMPL,Veracruzana Ampl,07-241
1252,9,VICENTE GUERRERO SUPER MANZANA 1 U HAB,Vicente Guerrero Super Manzana 1 U Hab,07-242
1253,9,VICENTE GUERRERO SUPER MANZANA 2 U HAB,Vicente Guerrero Super Manzana 2 U Hab,07-243
1254,9,VICENTE GUERRERO SUPER MANZANA 3 U HAB,Vicente Guerrero Super Manzana 3 U Hab,07-244
1255,9,VICENTE GUERRERO SUPER MANZANA 4 U HAB,Vicente Guerrero Super Manzana 4 U Hab,07-245
1256,9,VICENTE GUERRERO SUPER MANZANA 5 U HAB,Vicente Guerrero Super Manzana 5 U Hab,07-246
1257,9,VICENTE GUERRERO SUPER MANZANA 6 U HAB,Vicente Guerrero Super Manzana 6 U Hab,07-247
1258,9,VICENTE GUERRERO SUPER MANZANA 7 U HAB,Vicente Guerrero Super Manzana 7 U Hab,07-248
1259,9,XALPA I,Xalpa I,07-305
1260,9,XALPA II,Xalpa Ii,07-306
1261,9,XALPA III,Xalpa Iii,07-307
1262,9,XOPA U HAB,Xopa U Hab,07-250
1263,9,ZACAHUITZCO,Zacahuitzco,07-251
1264,9,ZONA MILITAR FAVE SEDENA U HAB,Zona Militar Fave Sedena U Hab,07-252
1265,10,ATACAXCO,Atacaxco,08-001
1266,10,BARRANCA SECA,Barranca Seca,08-002
1267,10,BARROS SIERRA,Barros Sierra,08-003
1268,10,BATAN VIEJO EL MAESTRO,Batan Viejo El Maestro,08-008
1269,10,CAZULCO BARR,Cazulco Barr,08-004
1270,10,CUAUHTEMOC,Cuauhtemoc,08-005
1271,10,EL ERMITANO,El Ermitano,08-006
1272,10,EL GAVILLERO,El Gavillero,08-007
1273,10,EL OCOTAL,El Ocotal,08-009
1274,10,EL ROSAL,El Rosal,08-010
1275,10,EL TANQUE,El Tanque,08-011
1276,10,EL TORO,El Toro,08-012
1277,10,HEROES DE PADIERNA,Heroes De Padierna,08-013
1278,10,HUAYATLA,Huayatla,08-014
1279,10,INDEPENDENCIA BATAN NORTE U HAB,Independencia Batan Norte U Hab,08-015
1280,10,INDEPENDENCIA BATAN SUR U HAB,Independencia Batan Sur U Hab,08-016
1281,10,INDEPENDENCIA SAN RAMON U HAB,Independencia San Ramon U Hab,08-017
1282,10,INFONAVIT U HAB,Infonavit U Hab,08-018
1283,10,IXTLAHUALTONGO,Ixtlahualtongo,08-019
1284,10,LA CARBONERA,La Carbonera,08-020
1285,10,LA CONCEPCION,La Concepcion,08-021
1286,10,LA CRUZ,La Cruz,08-022
1287,10,LA GUADALUPE,La Guadalupe,08-023
1288,10,LA MAGDALENA ATLITIC PBLO,La Magdalena Atlitic Pblo,08-024
1289,10,LA MALINCHE,La Malinche,08-025
1290,10,LAS CALLES BARR,Las Calles Barr,08-026
1291,10,LAS CRUCES,Las Cruces,08-027
1292,10,LAS HUERTAS,Las Huertas,08-028
1293,10,LAS PALMAS,Las Palmas,08-029
1294,10,LOMAS DE SAN BERNABE,Lomas De San Bernabe,08-030
1295,10,LOMAS DE SAN BERNABE AMPL,Lomas De San Bernabe Ampl,08-031
1296,10,LOMAS QUEBRADAS,Lomas Quebradas,08-032
1297,10,LOS PADRES,Los Padres,08-033
1298,10,PEDREGAL 2 CONJ HAB,Pedregal 2 Conj Hab,08-034
1299,10,PLAZUELA DEL PEDREGAL,Plazuela Del Pedregal,08-035
1300,10,POTRERILLO,Potrerillo,08-036
1301,10,POTRERILLO AMPL,Potrerillo Ampl,08-037
1302,10,PUEBLO NUEVO ALTO,Pueblo Nuevo Alto,08-038
1303,10,PUEBLO NUEVO BAJO,Pueblo Nuevo Bajo,08-039
1304,10,PUENTE SIERRA,Puente Sierra,08-040
1305,10,SAN BARTOLO AMEYALCO,San Bartolo Ameyalco,08-041
1306,10,SAN BERNABE OCOTEPEC PBLO,San Bernabe Ocotepec Pblo,08-042
1307,10,SAN FRANCISCO,San Francisco,08-043
1308,10,SAN FRANCISCO BARR,San Francisco Barr,08-044
1309,10,SAN JERONIMO ACULCO LIDICE PBLO,San Jeronimo Aculco Lidice Pblo,08-045
1310,10,SAN NICOLAS TOTOLAPAN,San Nicolas Totolapan,08-047
1311,10,SAN NICOLAS TOTOLAPAN PBLO,San Nicolas Totolapan Pblo,08-048
1312,10,SANTA TERESA,Santa Teresa,08-049
1313,10,SUBESTACION,Subestacion,08-050
1314,10,TIERRA COLORADA,Tierra Colorada,08-051
1315,10,TIERRA UNIDA,Tierra Unida,08-052
1316,10,VISTA HERMOSA,Vista Hermosa,08-053
1317,11,10 DE ABRIL,10 De Abril,16-085
1318,11,16 DE SEPTIEMBRE,16 De Septiembre,16-086
1319,11,5 DE MAYO,5 De Mayo,16-087
1320,11,AGRICULTURA,Agricultura,16-001
1321,11,AHUEHUETES ANAHUAC,Ahuehuetes Anahuac,16-002
1322,11,AMERICA,America,16-003
1323,11,ANAHUAC DOS LAGOS,Anahuac Dos Lagos,16-006
1324,11,ANAHUAC I,Anahuac I,16-088
1325,11,ANAHUAC II,Anahuac Ii,16-089
1326,11,ANAHUAC LAGO NORTE,Anahuac Lago Norte,16-007
1327,11,ANAHUAC LAGO SUR,Anahuac Lago Sur,16-008
1328,11,ANAHUAC LOS MANZANOS,Anahuac Los Manzanos,16-009
1329,11,ANAHUAC MARIANO ESCOBEDO,Anahuac Mariano Escobedo,16-010
1330,11,ANAHUAC PERALITOS,Anahuac Peralitos,16-011
1331,11,ANGEL ZIMBRON,Angel Zimbron,16-012
1332,11,ANZURES,Anzures,16-013
1333,11,ARGENTINA ANTIGUA,Argentina Antigua,16-014
1334,11,BOSQUES DE CHAPULTEPEC POLANCO,Bosques De Chapultepec Polanco,16-018
1335,11,BOSQUES DE LAS LOMAS,Bosques De Las Lomas,16-019
1336,11,CHAPULTEPEC MORALES POLANCO,Chapultepec Morales Polanco,16-021
1337,11,CHAPULTEPEC POLANCO POLANCO,Chapultepec Polanco Polanco,16-022
1338,11,CUAUHTEMOC PENSIL,Cuauhtemoc Pensil,16-023
1339,11,DANIEL GARZA,Daniel Garza,16-024
1340,11,DANIEL GARZA AMPL,Daniel Garza Ampl,16-025
1341,11,DEL BOSQUE POLANCO,Del Bosque Polanco,16-026
1342,11,DEPORTIVA PENSIL,Deportiva Pensil,16-028
1343,11,ESCANDON I,Escandon I,16-090
1344,11,ESCANDON II,Escandon Ii,16-091
1345,11,FRANCISCO I MADERO,Francisco I Madero,16-030
1346,11,GRANADA,Granada,16-031
1347,11,GRANADA AMPL,Granada Ampl,16-032
1348,11,HUICHAPAN,Huichapan,16-033
1349,11,IGNACIO MANUEL ALTAMIRANO,Ignacio Manuel Altamirano,16-034
1350,11,IRRIGACION,Irrigacion,16-035
1351,11,LEGARIA,Legaria,16-036
1352,11,LEGARIA U HAB,Legaria U Hab,16-037
1353,11,LOMA HERMOSA CONJ HAB,Loma Hermosa Conj Hab,16-038
1354,11,LOMAS ALTAS,Lomas Altas,16-039
1355,11,LOMAS DE BARRILACO LOMAS DE CHAPULTEPEC,Lomas De Barrilaco Lomas De Chapultepec,16-040
1356,11,LOMAS DE BEZARES,Lomas De Bezares,16-041
1357,11,LOMAS DE CHAPULTEPEC I,Lomas De Chapultepec I,16-042
1358,11,LOMAS DE CHAPULTEPEC II,Lomas De Chapultepec Ii,16-096
1359,11,LOMAS DE CHAPULTEPEC III,Lomas De Chapultepec Iii,16-097
1360,11,LOMAS DE REFORMA,Lomas De Reforma,16-043
1361,11,LOMAS DE REFORMA LOMAS DE CHAPULTEPEC,Lomas De Reforma Lomas De Chapultepec,16-044
1362,11,LOMAS DE SOTELO,Lomas De Sotelo,16-045
1363,11,LOMAS VIRREYES LOMAS DE CHAPULTEPEC,Lomas Virreyes Lomas De Chapultepec,16-046
1364,11,LOS MORALES POLANCO,Los Morales Polanco,16-047
1365,11,MANUEL AVILA CAMACHO,Manuel Avila Camacho,16-048
1366,11,MARINA NACIONAL U HAB,Marina Nacional U Hab,16-049
1367,11,MEXICO NUEVO,Mexico Nuevo,16-050
1368,11,MILITAR 1 K LOMAS DE SOTELO U HAB,Militar 1 K Lomas De Sotelo U Hab,16-051
1369,11,MODELO PENSIL,Modelo Pensil,16-052
1370,11,MOLINO DEL REY,Molino Del Rey,16-053
1371,11,MORALES SECCION ALAMEDA POLANCO,Morales Seccion Alameda Polanco,16-054
1372,11,MORALES SECCION PALMAS POLANCO,Morales Seccion Palmas Polanco,16-055
1373,11,NEXTITLA,Nextitla,16-056
1374,11,NUEVA ARGENTINA ARGENTINA PONIENTE,Nueva Argentina Argentina Poniente,16-057
1375,11,OBSERVATORIO,Observatorio,16-058
1376,11,PALMITAS POLANCO,Palmitas Polanco,16-059
1377,11,PENSIL NORTE,Pensil Norte,16-060
1378,11,PENSIL SAN JUANICO,Pensil San Juanico,16-061
1379,11,PENSIL SUR,Pensil Sur,16-062
1380,11,PERIODISTA,Periodista,16-063
1381,11,PLUTARCO ELIAS CALLES,Plutarco Elias Calles,16-064
1382,11,POLANCO REFORMA POLANCO,Polanco Reforma Polanco,16-065
1383,11,POPO,Popo,16-066
1384,11,POPO AMPL,Popo Ampl,16-067
1385,11,POPOTLA I,Popotla I,16-092
1386,11,POPOTLA II,Popotla Ii,16-093
1387,11,REFORMA PENSIL,Reforma Pensil,16-069
1388,11,REFORMA SOCIAL,Reforma Social,16-070
1389,11,RINCON DEL BOSQUE,Rincon Del Bosque,16-071
1390,11,SAN DIEGO OCOYOACAC,San Diego Ocoyoacac,16-072
1391,11,SAN JOAQUIN,San Joaquin,16-073
1392,11,SAN LORENZO TLALTENANGO,San Lorenzo Tlaltenango,16-074
1393,11,SAN MIGUEL CHAPULTEPEC I,San Miguel Chapultepec I,16-094
1394,11,SAN MIGUEL CHAPULTEPEC II,San Miguel Chapultepec Ii,16-095
1395,11,SANTO TOMAS,Santo Tomas,16-076
1396,11,TACUBA,Tacuba,16-077
1397,11,TACUBAYA,Tacubaya,16-078
1398,11,TATA LAZARO U HAB,Tata Lazaro U Hab,16-079
1399,11,TLAXPANA,Tlaxpana,16-080
1400,11,TORRE BLANCA,Torre Blanca,16-081
1401,11,TORRE BLANCA AMPL,Torre Blanca Ampl,16-004
1402,11,TORRES TOREO,Torres Toreo,16-027
1403,11,UN HOGAR PARA NOSOTROS,Un Hogar Para Nosotros,16-082
1404,11,VENTURA PEREZ DE ALBA,Ventura Perez De Alba,16-083
1405,11,VERONICA ANZURES,Veronica Anzures,16-084
1406,12,SAN AGUSTIN OHTENCO PBLO,San Agustin Ohtenco Pblo,09-001
1407,12,SAN ANTONIO TECOMITL PBLO,San Antonio Tecomitl Pblo,09-002
1408,12,SAN BARTOLOME XICOMULCO PBLO,San Bartolome Xicomulco Pblo,09-003
1409,12,SAN FRANCISCO TECOXPA PBLO,San Francisco Tecoxpa Pblo,09-004
1410,12,SAN JERONIMO MIACATLAN PBLO,San Jeronimo Miacatlan Pblo,09-005
1411,12,SAN JUAN TEPENAHUAC PBLO,San Juan Tepenahuac Pblo,09-006
1412,12,SAN LORENZO TLACOYUCAN PBLO,San Lorenzo Tlacoyucan Pblo,09-007
1413,12,SAN PABLO OZTOTEPEC PBLO,San Pablo Oztotepec Pblo,09-008
1414,12,SAN PEDRO ATOCPAN PBLO,San Pedro Atocpan Pblo,09-009
1415,12,SAN SALVADOR CUAUHTENCO PBLO,San Salvador Cuauhtenco Pblo,09-010
1416,12,SANTA ANA TLACOTENCO PBLO,Santa Ana Tlacotenco Pblo,09-011
1417,12,VILLA MILPA ALTA PBLO,Villa Milpa Alta Pblo,09-012
1418,13,3 DE MAYO,3 De Mayo,11-054
1419,13,AGRICOLA METROPOLITANA,Agricola Metropolitana,11-001
1420,13,ATOTOLCO,Atotolco,11-059
1421,13,CUITLAHUAC,Cuitlahuac,11-060
1422,13,DEL MAR NORTE,Del Mar Norte,11-003
1423,13,DEL MAR SUR,Del Mar Sur,11-004
1424,13,EL MIRADOR SANTA CATARINA,El Mirador Santa Catarina,11-005
1425,13,EL ROSARIO,El Rosario,11-006
1426,13,EL TRIANGULO,El Triangulo,11-007
1427,13,EMILIANO ZAPATA 1A,Emiliano Zapata 1A,11-008
1428,13,EMILIANO ZAPATA 2A,Emiliano Zapata 2A,11-009
1429,13,FRANCISCO VILLA,Francisco Villa,11-010
1430,13,GRANJAS CABRERA,Granjas Cabrera,11-011
1431,13,JAIME TORRES BODET,Jaime Torres Bodet,11-012
1432,13,JARDINES DEL LLANO U H VILLA TLATEMPA,Jardines Del Llano U H Villa Tlatempa,11-013
1433,13,LA CONCHITA I,La Conchita I,11-056
1434,13,LA CONCHITA II,La Conchita Ii,11-057
1435,13,LA DRAGA,La Draga,11-014
1436,13,LA ESTACION,La Estacion,11-015
1437,13,LA HABANA,La Habana,11-016
1438,13,LA JOYITA,La Joyita,11-017
1439,13,LA MESA,La Mesa,11-018
1440,13,LA NOPALERA,La Nopalera,11-019
1441,13,LA TURBA,La Turba,11-020
1442,13,LAS ARBOLEDAS,Las Arboledas,11-021
1443,13,LOPEZ PORTILLO,Lopez Portillo,11-022
1444,13,LOS OLIVOS,Los Olivos,11-024
1445,13,MIGUEL HIDALGO,Miguel Hidalgo,11-025
1446,13,MIGUEL HIDALGO OTE,Miguel Hidalgo Ote,11-026
1447,13,OJO DE AGUA,Ojo De Agua,11-027
1448,13,OLIVAR SANTA MARIA,Olivar Santa Maria,11-062
1449,13,PARAISO SANTA CATARINA,Paraiso Santa Catarina,11-028
1450,13,PENA ALTA,Pena Alta,11-029
1451,13,QUIAHUATLA,Quiahuatla,11-030
1452,13,SAN ANDRES MIXQUIC PBLO,San Andres Mixquic Pblo,11-031
1453,13,SAN FRANCISCO TLALTENCO PBLO,San Francisco Tlaltenco Pblo,11-032
1454,13,SAN JOSE,San Jose,11-033
1455,13,SAN JUAN IXTAYOPAN PBLO,San Juan Ixtayopan Pblo,11-034
1456,13,SAN MIGUEL AMPL,San Miguel Ampl,11-035
1457,13,SAN MIGUEL ZAPOTITLA,San Miguel Zapotitla,11-036
1458,13,SAN NICOLAS TETELCO PBLO,San Nicolas Tetelco Pblo,11-037
1459,13,SAN PEDRO TLAHUAC PBLO,San Pedro Tlahuac Pblo,11-038
1460,13,SANTA CATARINA AMPL,Santa Catarina Ampl,11-039
1461,13,SANTA CATARINA YECAHUIZOTL PBLO,Santa Catarina Yecahuizotl Pblo,11-040
1462,13,SANTA CECILIA,Santa Cecilia,11-041
1463,13,SANTIAGO ZAPOTITLAN PBLO,Santiago Zapotitlan Pblo,11-042
1464,13,SELENE 1A SECC,Selene 1A Secc,11-044
1465,13,SELENE 2DA SECC,Selene 2Da Secc,11-045
1466,13,SELENE AMPL,Selene Ampl,11-043
1467,13,TEMPILULI,Tempiluli,11-061
1468,13,TEOZOMA,Teozoma,11-047
1469,13,TEPANTITLAMILCO,Tepantitlamilco,11-048
1470,13,TEZONTITLA ZOMPANTITLA,Tezontitla Zompantitla,11-049
1471,13,TIERRA BLANCA,Tierra Blanca,11-050
1472,13,TIERRA Y LIBERTAD,Tierra Y Libertad,11-051
1473,13,UNIDADES HABITACIONALES DE SANTA ANA PONIENTE I,Unidades Habitacionales De Santa Ana Poniente I,11-055
1474,13,UNIDADES HABITACIONALES DE SANTA ANA PONIENTE II,Unidades Habitacionales De Santa Ana Poniente Ii,11-058
1475,13,VILLA CENTROAMERICANA U HAB,Villa Centroamericana U Hab,11-052
1476,13,VILLAS DE LOS TRABAJADORES GDF U HAB,Villas De Los Trabajadores Gdf U Hab,11-053
1477,14,2 DE OCTUBRE,2 De Octubre,12-205
1478,14,AHUACATITLA,Ahuacatitla,12-001
1479,14,AMPLIACION LOMAS DE PADIERNA,Ampliacion Lomas De Padierna,12-082
1480,14,AMPLIACION MIGUEL HIDALGO 2A SECC,Ampliacion Miguel Hidalgo 2A Secc,12-002
1481,14,AMPLIACION MIGUEL HIDALGO 3A SECC,Ampliacion Miguel Hidalgo 3A Secc,12-003
1482,14,AMPLIACION MIGUEL HIDALGO 4A SECC,Ampliacion Miguel Hidalgo 4A Secc,12-004
1483,14,AMSA,Amsa,12-005
1484,14,ARBOLEDAS DEL SUR,Arboledas Del Sur,12-007
1485,14,ARENAL GUADALUPE TLALPAN,Arenal Guadalupe Tlalpan,12-008
1486,14,ARENAL PUERTA TEPEPAN,Arenal Puerta Tepepan,12-009
1487,14,ATOCPA SUR,Atocpa Sur,12-010
1488,14,AYOCATITLA ASUNCION,Ayocatitla Asuncion,12-011
1489,14,BARRIO LA LONJA,Barrio La Lonja,12-069
1490,14,BELISARIO DOMINGUEZ,Belisario Dominguez,12-215
1491,14,BELVEDERE,Belvedere,12-013
1492,14,BOSQUE DE TEPEXIMILPA,Bosque De Tepeximilpa,12-014
1493,14,BOSQUES DEL PEDREGAL,Bosques Del Pedregal,12-016
1494,14,CALVARIO CAMISETAS,Calvario Camisetas,12-017
1495,14,CANTERA PUENTE DE PIEDRA,Cantera Puente De Piedra,12-018
1496,14,CHICHICASPATL,Chichicaspatl,12-019
1497,14,CHIMALCOYOC,Chimalcoyoc,12-020
1498,14,CHIMILLI,Chimilli,12-022
1499,14,CLUB DE GOLF MEXICO SAN BUENAVENTURA,Club De Golf Mexico San Buenaventura,12-023
1500,14,COAPA 2A SECCION RAMOS MILLAN,Coapa 2A Seccion Ramos Millan,12-024
1501,14,COAPA VILLA CUEMANCO,Coapa Villa Cuemanco,12-093
1502,14,COLINAS DEL BOSQUE LAS TORTOLAS,Colinas Del Bosque Las Tortolas,12-025
1503,14,CONDOMINIO DEL BOSQUE FRACC BOSQUE DE TLALPAN,Condominio Del Bosque Fracc Bosque De Tlalpan,12-026
1504,14,CONJUNTO HABITACIONAL PEDREGAL DEL LAGO,Conjunto Habitacional Pedregal Del Lago,12-218
1505,14,CONJUNTO URBANO CUEMANCO U HAB,Conjunto Urbano Cuemanco U Hab,12-027
1506,14,CRUZ DEL FAROL,Cruz Del Farol,12-029
1507,14,CUCHILLA DE PADIERNA,Cuchilla De Padierna,12-030
1508,14,CUILOTEPEC II,Cuilotepec Ii,12-031
1509,14,CULTURA MAYA,Cultura Maya,12-032
1510,14,DIAMANTE,Diamante,12-033
1511,14,DOLORES TLALI,Dolores Tlali,12-034
1512,14,EJIDOS DE SAN PEDRO MARTIR I NORTE,Ejidos De San Pedro Martir I Norte,12-035
1513,14,EJIDOS DE SAN PEDRO MARTIR II SUR,Ejidos De San Pedro Martir Ii Sur,12-219
1514,14,EL ARENAL,El Arenal,12-036
1515,14,EL DIVISADERO,El Divisadero,12-037
1516,14,EL ZACATON,El Zacaton,12-039
1517,14,EMILIO PORTES GIL PEMEX PICACHO U HAB,Emilio Portes Gil Pemex Picacho U Hab,12-040
1518,14,EX HACIENDA SAN JUAN DE DIOS,Ex Hacienda San Juan De Dios,12-042
1519,14,FLORESTA PRADO VERGEL COAPA,Floresta Prado Vergel Coapa,12-043
1520,14,FOVISSSTE SAN PEDRO MARTIR U HAB,Fovissste San Pedro Martir U Hab,12-045
1521,14,FRESNO,Fresno,12-046
1522,14,FUENTES BROTANTES MIGUEL HIDALGO U HAB,Fuentes Brotantes Miguel Hidalgo U Hab,12-047
1523,14,FUENTES DEL PEDREGAL,Fuentes Del Pedregal,12-049
1524,14,FUENTES Y PEDREGAL DE TEPEPAN,Fuentes Y Pedregal De Tepepan,12-048
1525,14,GRANJAS COAPA,Granjas Coapa,12-050
1526,14,GRANJAS COAPA ORIENTE,Granjas Coapa Oriente,12-051
1527,14,HACIENDA SAN JUAN RINCON DE SAN JUAN CHIMALI,Hacienda San Juan Rincon De San Juan Chimali,12-053
1528,14,HEROES DE 1910,Heroes De 1910,12-055
1529,14,HEROES DE PADIERNA I,Heroes De Padierna I,12-209
1530,14,HEROES DE PADIERNA II,Heroes De Padierna Ii,12-210
1531,14,HUESO PERIFERICO ISSSFAM NO 7 U HABS,Hueso Periferico Isssfam No 7 U Habs,12-057
1532,14,IGNACIO CHAVEZ U HAB,Ignacio Chavez U Hab,12-059
1533,14,ISIDRO FABELA AMPL,Isidro Fabela Ampl,12-061
1534,14,ISIDRO FABELA I PONIENTE,Isidro Fabela I Poniente,12-060
1535,14,ISIDRO FABELA II ORIENTE,Isidro Fabela Ii Oriente,12-220
1536,14,ISSSFAM NO 1 U HAB VILLA TLALPAN,Isssfam No 1 U Hab Villa Tlalpan,12-062
1537,14,JARDINES COAPA BELISARIO DOMINGUEZ,Jardines Coapa Belisario Dominguez,12-064
1538,14,JARDINES DE SAN JUAN,Jardines De San Juan,12-065
1539,14,JARDINES DEL AJUSCO,Jardines Del Ajusco,12-066
1540,14,JARDINES EN LA MONTANA,Jardines En La Montana,12-067
1541,14,JUVENTUD UNIDA,Juventud Unida,12-068
1542,14,LA FAMA,La Fama,12-070
1543,14,LA GUADALUPANA,La Guadalupana,12-071
1544,14,LA JOYA,La Joya,12-072
1545,14,LA LIBERTAD IXTLAHUACA,La Libertad Ixtlahuaca,12-073
1546,14,LA MAGDALENA PETLACALCO PBLO,La Magdalena Petlacalco Pblo,12-074
1547,14,LA MAGUEYERA,La Magueyera,12-216
1548,14,LA PALMA,La Palma,12-075
1549,14,LA PRIMAVERA,La Primavera,12-076
1550,14,LA TORTUGA XOLALPA HCO COLEGIO MILITAR,La Tortuga Xolalpa Hco Colegio Militar,12-077
1551,14,LOMA BONITA AMPLIACION TEPEXIMILPA,Loma Bonita Ampliacion Tepeximilpa,12-221
1552,14,LOMAS ALTAS DE PADIERNA SUR,Lomas Altas De Padierna Sur,12-079
1553,14,LOMAS DE CUILOTEPEC,Lomas De Cuilotepec,12-080
1554,14,LOMAS DE PADIERNA I,Lomas De Padierna I,12-211
1555,14,LOMAS DE PADIERNA II,Lomas De Padierna Ii,12-212
1556,14,LOMAS DE TEPEMECATL,Lomas De Tepemecatl,12-222
1557,14,LOMAS DE TEXCALATLACO,Lomas De Texcalatlaco,12-084
1558,14,LOMAS DEL PEDREGAL,Lomas Del Pedregal,12-085
1559,14,LOMAS HIDALGO,Lomas Hidalgo,12-086
1560,14,LOS ENCINOS,Los Encinos,12-087
1561,14,LOS PASTORES,Los Pastores,12-088
1562,14,LOS VOLCANES,Los Volcanes,12-089
1563,14,MA ESTHER ZUNO DE ECHEVERRIA TLALPUENTE,Ma Esther Zuno De Echeverria Tlalpuente,12-092
1564,14,MESA LOS HORNOS TEXCALTENCO,Mesa Los Hornos Texcaltenco,12-094
1565,14,MIGUEL HIDALGO,Miguel Hidalgo,12-095
1566,14,MIRADOR 1A SECC,Mirador 1A Secc,12-096
1567,14,MIRADOR 2A Y 3A SECC,Mirador 2A Y 3A Secc,12-097
1568,14,MIRADOR DEL VALLE,Mirador Del Valle,12-099
1569,14,MIRADOR I,Mirador I,12-100
1570,14,MIRADOR II,Mirador Ii,12-101
1571,14,MOVIMIENTO ORGANIZADO DE TLALPAN EL MIRADOR RNCDA,Movimiento Organizado De Tlalpan El Mirador Rncda,12-102
1572,14,NARCISO MENDOZA VILLA COAPA SUPER MANZANA 1 U HAB,Narciso Mendoza Villa Coapa Super Manzana 1 U Hab,12-103
1573,14,NARCISO MENDOZA VILLA COAPA SUPER MANZANA 2 U HAB,Narciso Mendoza Villa Coapa Super Manzana 2 U Hab,12-104
1574,14,NARCISO MENDOZA VILLA COAPA SUPER MANZANA 3 U HAB,Narciso Mendoza Villa Coapa Super Manzana 3 U Hab,12-105
1575,14,NARCISO MENDOZA VILLA COAPA SUPER MANZANA 6 U HAB,Narciso Mendoza Villa Coapa Super Manzana 6 U Hab,12-106
1576,14,NARCISO MENDOZA VILLA COAPA SUPER MANZANA 7 U HAB,Narciso Mendoza Villa Coapa Super Manzana 7 U Hab,12-107
1577,14,NARCISO MENDOZA VILLA COAPA SUPERMANZANA 8 U HAB,Narciso Mendoza Villa Coapa Supermanzana 8 U Hab,12-217
1578,14,NINO JESUS BARR,Nino Jesus Barr,12-108
1579,14,NUEVA ORIENTAL COAPA EX HACIENDA COAPA,Nueva Oriental Coapa Ex Hacienda Coapa,12-109
1580,14,NUEVO RENACIMIENTO DE AXALCO,Nuevo Renacimiento De Axalco,12-110
1581,14,OCOTLA OCOTLA CHICO,Ocotla Ocotla Chico,12-111
1582,14,ORIENTE AMPL,Oriente Ampl,12-112
1583,14,PARAJE 38,Paraje 38,12-113
1584,14,PARQUES DEL PEDREGAL,Parques Del Pedregal,12-114
1585,14,PARRES EL GUARDA PBLO,Parres El Guarda Pblo,12-115
1586,14,PEDREGAL DE LAS AGUILAS,Pedregal De Las Aguilas,12-116
1587,14,PEDREGAL DE SN NICOLAS 1A SECC,Pedregal De Sn Nicolas 1A Secc,12-117
1588,14,PEDREGAL DE SN NICOLAS 2A SECC,Pedregal De Sn Nicolas 2A Secc,12-118
1589,14,PEDREGAL DE SN NICOLAS 3A SECC,Pedregal De Sn Nicolas 3A Secc,12-119
1590,14,PEDREGAL DE SN NICOLAS 4A SECC I,Pedregal De Sn Nicolas 4A Secc I,12-213
1591,14,PEDREGAL DE SN NICOLAS 4A SECC II,Pedregal De Sn Nicolas 4A Secc Ii,12-214
1592,14,PEDREGAL DE STA URSULA XITLA,Pedregal De Sta Ursula Xitla,12-121
1593,14,PIEDRA LARGA,Piedra Larga,12-124
1594,14,PLAN DE AYALA,Plan De Ayala,12-125
1595,14,POPULAR STA TERESA,Popular Sta Teresa,12-127
1596,14,PRADO COAPA 2A SECCION,Prado Coapa 2A Seccion,12-130
1597,14,PRADO COAPA 3A SECCION POTRERO ACOXPA,Prado Coapa 3A Seccion Potrero Acoxpa,12-131
1598,14,PROGRESO TLALPAN,Progreso Tlalpan,12-132
1599,14,PUEBLO QUIETO,Pueblo Quieto,12-133
1600,14,RANCHO LOS COLORINES FRACC,Rancho Los Colorines Fracc,12-136
1601,14,REAL DEL SUR VILLAS DEL SUR RESIDENCIAL ACOXPA,Real Del Sur Villas Del Sur Residencial Acoxpa,12-137
1602,14,RESIDENCIAL FUENTES DE CANTERA U HAB,Residencial Fuentes De Cantera U Hab,12-223
1603,14,RESIDENCIAL INSURGENTES SUR U HAB,Residencial Insurgentes Sur U Hab,12-139
1604,14,RINCON LAS HADAS VILLA ROYALE FUENTES Y ARCONADA COAPA,Rincon Las Hadas Villa Royale Fuentes Y Arconada Coapa,12-142
1605,14,RINCONADA U HAB,Rinconada U Hab,12-143
1606,14,ROCA DE CRISTAL,Roca De Cristal,12-145
1607,14,ROMULO SANCHEZ SAN FERNANDO BARR PENA POBRE,Romulo Sanchez San Fernando Barr Pena Pobre,12-146
1608,14,SAN ANDRES TOTOLTEPEC PBLO,San Andres Totoltepec Pblo,12-147
1609,14,SAN BARTOLO EL CHICO,San Bartolo El Chico,12-148
1610,14,SAN LORENZO HUIPULCO,San Lorenzo Huipulco,12-153
1611,14,SAN MIGUEL AJUSCO PBLO,San Miguel Ajusco Pblo,12-155
1612,14,SAN MIGUEL TEHUISCO LOS ANGELES AYOMETITLA,San Miguel Tehuisco Los Angeles Ayometitla,12-156
1613,14,SAN MIGUEL TOPILEJO PBLO,San Miguel Topilejo Pblo,12-157
1614,14,SAN MIGUEL TOXIAC,San Miguel Toxiac,12-208
1615,14,SAN MIGUEL XICALCO PBLO,San Miguel Xicalco Pblo,12-154
1616,14,SAN NICOLAS II,San Nicolas Ii,12-158
1617,14,SAN PEDRO APOSTOL BARR,San Pedro Apostol Barr,12-159
1618,14,SAN PEDRO MARTIR PBLO,San Pedro Martir Pblo,12-160
1619,14,SANTA URSULA XITLA,Santa Ursula Xitla,12-161
1620,14,SANTISIMA TRINIDAD,Santisima Trinidad,12-162
1621,14,SANTO TOMAS AJUSCO PBLO,Santo Tomas Ajusco Pblo,12-163
1622,14,SAUZALES CEBADALES U HAB,Sauzales Cebadales U Hab,12-164
1623,14,SECCION XVI,Seccion Xvi,12-165
1624,14,SN JUAN TEPEXIMILPA,Sn Juan Tepeximilpa,12-151
1625,14,SN JUAN TEPEXIMILPA AMPL,Sn Juan Tepeximilpa Ampl,12-152
1626,14,SOLIDARIDAD,Solidaridad,12-166
1627,14,TECORRAL,Tecorral,12-167
1628,14,TENORIOS INFONAVIT 1 Y 2 U HAB,Tenorios Infonavit 1 Y 2 U Hab,12-168
1629,14,TEPETLICA EL ALTO 3 DE MAYO,Tepetlica El Alto 3 De Mayo,12-170
1630,14,TEPETONGO,Tepetongo,12-171
1631,14,TETENCO PJE,Tetenco Pje,12-172
1632,14,TEZONTITLA,Tezontitla,12-173
1633,14,TEZONTITLA EL CALVARIO AMPL,Tezontitla El Calvario Ampl,12-174
1634,14,TLALCOLIGIA,Tlalcoligia,12-175
1635,14,TLALMILLE,Tlalmille,12-176
1636,14,TLALPAN CENTRO,Tlalpan Centro,12-177
1637,14,TORIELLO GUERRA,Toriello Guerra,12-180
1638,14,TORRES DE PADIERNA,Torres De Padierna,12-181
1639,14,TRES FUENTES U HAB,Tres Fuentes U Hab,12-182
1640,14,UNIDADES HABITACIONALES DE TENORIOS,Unidades Habitacionales De Tenorios,12-044
1641,14,VALLE DE TEPEPAN,Valle De Tepepan,12-183
1642,14,VALLE ESCONDIDO,Valle Escondido,12-184
1643,14,VALLE VERDE,Valle Verde,12-185
1644,14,VERANO,Verano,12-186
1645,14,VERGEL DE COYOACAN VERGEL DEL SUR,Vergel De Coyoacan Vergel Del Sur,12-188
1646,14,VILLA COAPA RDCIAL,Villa Coapa Rdcial,12-191
1647,14,VILLA DEL PUENTE FOVISSSTE U HAB,Villa Del Puente Fovissste U Hab,12-193
1648,14,VILLA LAZARO CARDENAS,Villa Lazaro Cardenas,12-194
1649,14,VILLA OLIMPICA LIBERADOR MIGUEL HIDALGO U HAB,Villa Olimpica Liberador Miguel Hidalgo U Hab,12-195
1650,14,VISTAS DEL PEDREGAL,Vistas Del Pedregal,12-198
1651,14,VIVEROS DE COACTETLAN,Viveros De Coactetlan,12-199
1652,14,XAXALCO,Xaxalco,12-200
1653,14,XAXALIPAC,Xaxalipac,12-201
1654,14,ZACATIENDA,Zacatienda,12-202
1655,14,ZAPOTE LUIS DONALDO COLOSIO U HABS,Zapote Luis Donaldo Colosio U Habs,12-204
1656,15,10 DE MAYO,10 De Mayo,17-065
1657,15,20 DE NOVIEMBRE,20 De Noviembre,17-066
1658,15,20 DE NOVIEMBRE AMPL,20 De Noviembre Ampl,17-067
1659,15,24 DE ABRIL,24 De Abril,17-068
1660,15,5TO TRAMO DE 20 DE NOVIEMBRE,5To Tramo De 20 De Noviembre,17-069
1661,15,7 DE JULIO,7 De Julio,17-070
1662,15,7 DE JULIO AMPL,7 De Julio Ampl,17-071
1663,15,AARON SAENZ,Aaron Saenz,17-001
1664,15,ADOLFO LOPEZ MATEOS,Adolfo Lopez Mateos,17-002
1665,15,AERONAUTICA MILITAR,Aeronautica Militar,17-003
1666,15,ALVARO OBREGON,Alvaro Obregon,17-004
1667,15,AQUILES SERDAN,Aquiles Serdan,17-005
1668,15,ARTES GRAFICAS,Artes Graficas,17-006
1669,15,AVIACION CIVIL,Aviacion Civil,17-007
1670,15,AVIACION CIVIL AMPL,Aviacion Civil Ampl,17-008
1671,15,AZTECA,Azteca,17-009
1672,15,BAHIA U HAB,Bahia U Hab,17-010
1673,15,CANDELARIA DELOS PATOS U HAB,Candelaria Delos Patos U Hab,17-011
1674,15,CARACOL,Caracol,17-012
1675,15,CARACOL AMPL,Caracol Ampl,17-013
1676,15,CENTRO I,Centro I,17-072
1677,15,CENTRO II,Centro Ii,17-073
1678,15,CUATRO ARBOLES,Cuatro Arboles,17-015
1679,15,CUCHILLA PANTITLAN,Cuchilla Pantitlan,17-016
1680,15,DAMIAN CARMONA,Damian Carmona,17-017
1681,15,EL ARENAL 1A SECCION,El Arenal 1A Seccion,17-018
1682,15,EL ARENAL 2A SECCION,El Arenal 2A Seccion,17-019
1683,15,EL ARENAL 3A SECCION,El Arenal 3A Seccion,17-020
1684,15,EL ARENAL 4A SECCION,El Arenal 4A Seccion,17-021
1685,15,EL ARENAL PTO AEREO FRACC,El Arenal Pto Aereo Fracc,17-022
1686,15,EL PARQUE,El Parque,17-023
1687,15,EMILIANO ZAPATA U HAB,Emiliano Zapata U Hab,17-024
1688,15,EMILIO CARRANZA,Emilio Carranza,17-025
1689,15,FEDERAL,Federal,17-026
1690,15,FELIPE ANGELES,Felipe Angeles,17-027
1691,15,FIVIPORT U HAB,Fiviport U Hab,17-028
1692,15,IGNACIO ZARAGOZA I,Ignacio Zaragoza I,17-074
1693,15,IGNACIO ZARAGOZA II,Ignacio Zaragoza Ii,17-075
1694,15,INDUSTRIAL PUERTO AEREO FRACC,Industrial Puerto Aereo Fracc,17-030
1695,15,JAMAICA,Jamaica,17-031
1696,15,JANITZIO,Janitzio,17-032
1697,15,JARDIN BALBUENA I,Jardin Balbuena I,17-076
1698,15,JARDIN BALBUENA II,Jardin Balbuena Ii,17-077
1699,15,JARDIN BALBUENA III,Jardin Balbuena Iii,17-078
1700,15,KENNEDY U HAB,Kennedy U Hab,17-034
1701,15,LORENZO BOTURINI,Lorenzo Boturini,17-035
1702,15,MAGDALENA MIXHUCA,Magdalena Mixhuca,17-036
1703,15,MAGDALENA MIXHUCA PBLO,Magdalena Mixhuca Pblo,17-037
1704,15,MERCED BALBUENA,Merced Balbuena,17-038
1705,15,MICHOACANA,Michoacana,17-039
1706,15,MICHOACANA AMPL,Michoacana Ampl,17-040
1707,15,MIGUEL HIDALGO,Miguel Hidalgo,17-041
1708,15,MOCTEZUMA 1A SECCION,Moctezuma 1A Seccion,17-042
1709,15,MOCTEZUMA 2A SECCION I,Moctezuma 2A Seccion I,17-079
1710,15,MOCTEZUMA 2A SECCION II,Moctezuma 2A Seccion Ii,17-080
1711,15,MOCTEZUMA 2A SECCION III,Moctezuma 2A Seccion Iii,17-081
1712,15,MOCTEZUMA 2A SECCION IV,Moctezuma 2A Seccion Iv,17-082
1713,15,MORELOS I,Morelos I,17-083
1714,15,MORELOS II,Morelos Ii,17-084
1715,15,NICOLAS BRAVO,Nicolas Bravo,17-045
1716,15,PENITENCIARIA AMPL,Penitenciaria Ampl,17-046
1717,15,PENON DE LOS BANOS,Penon De Los Banos,17-047
1718,15,PENSADOR MEXICANO I,Pensador Mexicano I,17-085
1719,15,PENSADOR MEXICANO II,Pensador Mexicano Ii,17-086
1720,15,PINO U HAB,Pino U Hab,17-049
1721,15,POPULAR RASTRO,Popular Rastro,17-050
1722,15,PRIMERO DE MAYO,Primero De Mayo,17-051
1723,15,PROGRESISTA,Progresista,17-052
1724,15,PUEBLA,Puebla,17-053
1725,15,REVOLUCION,Revolucion,17-054
1726,15,ROMERO RUBIO,Romero Rubio,17-055
1727,15,SANTA CRUZ AVIACION,Santa Cruz Aviacion,17-056
1728,15,SEVILLA,Sevilla,17-057
1729,15,SIMON BOLIVAR,Simon Bolivar,17-058
1730,15,TRES MOSQUETEROS,Tres Mosqueteros,17-059
1731,15,VALENTIN GOMEZ FARIAS,Valentin Gomez Farias,17-060
1732,15,VALLE GOMEZ,Valle Gomez,17-061
1733,15,VENUSTIANO CARRANZA,Venustiano Carranza,17-062
1734,15,VENUSTIANO CARRANZA AMPL,Venustiano Carranza Ampl,17-063
1735,15,VIADUCTO BALBUENA CONJ HAB,Viaducto Balbuena Conj Hab,17-064
1736,16,ALTOS TEPETLICA,Altos Tepetlica,13-001
1737,16,AZTLAN U HAB,Aztlan U Hab,13-077
1738,16,BARRIO 18,Barrio 18,13-003
1739,16,BELEM BARR,Belem Barr,13-004
1740,16,BOSQUE RESIDENCIAL DEL SUR FRACC,Bosque Residencial Del Sur Fracc,13-005
1741,16,CALTONGO BARR,Caltongo Barr,13-007
1742,16,CANAL ONCE U HAB,Canal Once U Hab,13-078
1743,16,CERRO GRANDE,Cerro Grande,13-008
1744,16,CRISTO REY,Cristo Rey,13-009
1745,16,EL CARMEN,El Carmen,13-011
1746,16,EL ROSARIO BARR,El Rosario Barr,13-012
1747,16,GUADALUPE,Guadalupe,13-013
1748,16,HUICHAPAN,Huichapan,13-014
1749,16,INFONAVIT PROLONGACION DIVISION DEL NORTE U HAB,Infonavit Prolongacion Division Del Norte U Hab,13-080
1750,16,JARDINES DEL SUR,Jardines Del Sur,13-015
1751,16,JOYA DE VARGAS,Joya De Vargas,13-016
1752,16,LA ASUNCION BARR,La Asuncion Barr,13-017
1753,16,LA CANADA,La Canada,13-018
1754,16,LA CEBADA,La Cebada,13-019
1755,16,LA CONCEPCION TLACOAPA BARR,La Concepcion Tlacoapa Barr,13-020
1756,16,LA CONCHA,La Concha,13-021
1757,16,LA GUADALUPITA BARR,La Guadalupita Barr,13-022
1758,16,LA NORIA,La Noria,13-081
1759,16,LA NORIA TEPEPAN,La Noria Tepepan,13-023
1760,16,LA SANTISIMA BARR,La Santisima Barr,13-024
1761,16,LAS PERITAS,Las Peritas,13-044
1762,16,LORETO PENA POBRE U HAB,Loreto Pena Pobre U Hab,13-079
1763,16,LOS CERRILLOS I,Los Cerrillos I,13-025
1764,16,LOS CERRILLOS II,Los Cerrillos Ii,13-026
1765,16,LOS CERRILLOS III,Los Cerrillos Iii,13-027
1766,16,NATIVITAS,Nativitas,13-028
1767,16,NATIVITAS LA JOYA AMPL,Nativitas La Joya Ampl,13-030
1768,16,NATIVITAS U HAB,Nativitas U Hab,13-029
1769,16,NUEVA TENOCHTITLAN U HAB,Nueva Tenochtitlan U Hab,13-082
1770,16,PASEOS DEL SUR,Paseos Del Sur,13-032
1771,16,POTRERO DE SAN BERNARDINO,Potrero De San Bernardino,13-033
1772,16,RINCONADA DEL SUR U HAB,Rinconada Del Sur U Hab,13-034
1773,16,SAN ANDRES AHUAYUCAN PBLO,San Andres Ahuayucan Pblo,13-035
1774,16,SAN ANTONIO BARR,San Antonio Barr,13-036
1775,16,SAN BARTOLO EL CHICO,San Bartolo El Chico,13-037
1776,16,SAN CRISTOBAL BARR,San Cristobal Barr,13-038
1777,16,SAN DIEGO BARR,San Diego Barr,13-039
1778,16,SAN ESTEBAN BARR,San Esteban Barr,13-040
1779,16,SAN FRANCISCO CHIQUIMOLA,San Francisco Chiquimola,13-041
1780,16,SAN FRANCISCO TLALNEPANTLA PBLO,San Francisco Tlalnepantla Pblo,13-042
1781,16,SAN GREGORIO ATLAPULCO PBLO,San Gregorio Atlapulco Pblo,13-043
1782,16,SAN JOSE OBRERO,San Jose Obrero,13-045
1783,16,SAN JOSE ZACATEPEC,San Jose Zacatepec,13-046
1784,16,SAN JUAN BARR,San Juan Barr,13-047
1785,16,SAN JUAN TEPEPAN,San Juan Tepepan,13-048
1786,16,SAN LORENZO,San Lorenzo,13-006
1787,16,SAN LORENZO ATEMOAYA PBLO,San Lorenzo Atemoaya Pblo,13-050
1788,16,SAN LORENZO BARR,San Lorenzo Barr,13-049
1789,16,SAN LORENZO LA CEBADA I,San Lorenzo La Cebada I,13-075
1790,16,SAN LORENZO LA CEBADA II,San Lorenzo La Cebada Ii,13-076
1791,16,SAN LUCAS XOCHIMANCA PBLO,San Lucas Xochimanca Pblo,13-052
1792,16,SAN LUIS TLAXIALTEMALCO PBLO,San Luis Tlaxialtemalco Pblo,13-053
1793,16,SAN MARCOS AMPL,San Marcos Ampl,13-054
1794,16,SAN MARCOS BARR,San Marcos Barr,13-055
1795,16,SAN MATEO XALPA PBLO,San Mateo Xalpa Pblo,13-056
1796,16,SAN PEDRO BARR,San Pedro Barr,13-057
1797,16,SANTA CECILIA TEPETLAPA PBLO,Santa Cecilia Tepetlapa Pblo,13-058
1798,16,SANTA CRUCITA BARR,Santa Crucita Barr,13-059
1799,16,SANTA CRUZ ACALPIXCA PBLO,Santa Cruz Acalpixca Pblo,13-060
1800,16,SANTA CRUZ CHAVARRIETA,Santa Cruz Chavarrieta,13-061
1801,16,SANTA CRUZ XOCHITEPEC PBLO,Santa Cruz Xochitepec Pblo,13-062
1802,16,SANTA INES,Santa Ines,13-063
1803,16,SANTA MARIA NATIVITAS PBLO,Santa Maria Nativitas Pblo,13-064
1804,16,SANTA MARIA TEPEPAN PBLO,Santa Maria Tepepan Pblo,13-065
1805,16,SANTIAGO TEPALCATLALPAN PBLO,Santiago Tepalcatlalpan Pblo,13-066
1806,16,SANTIAGO TULYEHUALCO PBLO,Santiago Tulyehualco Pblo,13-067
1807,16,TECACALANCO,Tecacalanco,13-068
1808,16,TEPEPAN AMPL,Tepepan Ampl,13-069
1809,16,TESMIC RDCIAL,Tesmic Rdcial,13-070
1810,16,TIERRA NUEVA,Tierra Nueva,13-071
1811,16,TLAXOPAN,Tlaxopan,13-072
1812,16,VILLA XOCHIMILCO U HAB,Villa Xochimilco U Hab,13-083
1813,16,XALTOCAN BARR,Xaltocan Barr,13-073
1814,16,XICALHUACAN,Xicalhuacan,13-074
